question_no,question,final_answer,confidence,llm_answer,deterministic_answer,search_queries,option_scores,top_evidence_titles,top_evidence_urls
1,"What are the core capabilities of United States Marine Forces Special Operations Command (MARSOC), according to Wikipedia?",B,1.0,B,B,"What are the core capabilities of United States Marine Forces Special Operations Command (MARSOC), according to Wikipedia | ""United States Marine Forces Special Operations Command MARSOC"" | United States Marine Forces Special Operations Command MARSOC core capabilities wikipedia | United States Marine Forces Special Operations Command MARSOC wikipedia | United States Marine Forces Special Operations Command MARSOC counterintelligence | United States Marine Forces Special Operations Command MARSOC reconnaissance","{""A"": 0.0, ""B"": 1.0, ""C"": 0.1549, ""D"": 0.0, ""E"": 0.0}",United States Marine Forces Special Operations Command | United States Marine Forces Special Operations Command | United States Marine Forces Special Operations Command | United States Marine Corps Force Reconnaissance - Wikipedia | United States Marine Forces Special Operations Command,https://www.wikiwand.com/en/articles/Marine_Special_Operations_Command | https://military-history.fandom.com/wiki/United_States_Marine_Forces_Special_Operations_Command | https://www.wikiwand.com/en/United_States_Marine_Forces_Special_Operations_Command | https://web.archive.org/web/20241216220957/https://en.wikipedia.org/wiki/United_States_Marine_Corps_Force_Reconnaissance | https://en.wikipedia.org/wiki/United_States_Marine_Forces_Special_Operations_Command
2,In which war did General Sir George Anson serve under the Duke of Wellington?,D,0.24,D,A,"In which war did General Sir George Anson serve under the Duke of Wellington | ""General Sir George Anson"" | General Sir George Anson war serve duke wellington | General Sir George Anson wikipedia | General Sir George Anson revolutionary | General Sir George Anson napoleonic","{""A"": 1.0, ""B"": 1.0, ""C"": 0.6667, ""D"": 0.0, ""E"": 0.0}","George Anson (British Army officer, born 1769) - Wikipedia | George Anson (General, 1769) – Wikipedia | George Anson (British Army General) - theinfolist.com | George Anson (British Army officer, born 1769) - Military Wiki | George Anson (1769–1849) - Academic Dictionaries and ...","https://en.wikipedia.org/wiki/George_Anson_(British_Army_officer,_born_1769) | https://de.wikipedia.org/wiki/George_Anson_(General,_1769) | https://www.theinfolist.com/html/ALL/l/G/George_Anson_(British_Army_general).html | https://military-history.fandom.com/wiki/George_Anson_(British_Army_officer,_born_1769) | https://en-academic.com/dic.nsf/enwiki/7581791"
3,What was P. Padmarajan's contribution to Malayalam cinema?,B,1.0,B,B,"What was P. Padmarajan's contribution to Malayalam cinema | ""P. Padmarajan's"" | P. Padmarajan's contribution malayalam cinema | P. Padmarajan's wikipedia | P. Padmarajan's cinematographer | P. Padmarajan's revolutionized","{""A"": 0.1334, ""B"": 1.0, ""C"": 0.1011, ""D"": 0.2537, ""E"": 0.0809}",P. Padmarajan | Padmarajan - Wikipedia | A Critical Analysis of the Contemporary Popular Malayalam Motion... | P. Padmarajan - IMDb | P Padmarajan | Art House Cinema,https://en.wikipedia.org/wiki/P._Padmarajan | https://en.wikipedia.org/wiki/Padmarajan | https://archives.christuniversity.in/disk0/00/00/48/77/01/A_critical_analysis.pdf | https://m.imdb.com/name/nm0655802/ | https://www.arthousecinema.in/people/p-padmarajan/
4,What is the length of U.S. Route 11 in Georgia?,A,0.24,Unknown,A,"What is the length of U.S. Route 11 in Georgia | ""U.S. Route"" | U.S. Route length 11 georgia | U.S. Route wikipedia | U.S. Route 93 | U.S. Route 11","{""A"": 1.0, ""B"": 0.75, ""C"": 0.8531, ""D"": 0.8789, ""E"": 1.0}",U.S. Route 11 | U.S. Route 66 | Special routes of U.S. Route 11 - Wikipedia | U.S. Route 11 in New York - Wikipedia | U.S. Route 93,https://en.wikipedia.org/wiki/U.S._Route_11 | https://en.wikipedia.org/wiki/U.S._Route_66 | https://en.wikipedia.org/wiki/Special_routes_of_U.S._Route_11 | https://en.wikipedia.org/wiki/U.S._Route_11_in_New_York | https://en.wikipedia.org/wiki/U.S._Route_93
5,How is Edmond Malone best known for his contributions to literature?,D,0.6648,D,D,"How is Edmond Malone best known for his contributions to literature | ""Edmond Malone"" | Edmond Malone best known his contributions | Edmond Malone wikipedia | Edmond Malone interpretations | Edmond Malone groundbreaking","{""A"": 0.401, ""B"": 0.2643, ""C"": 0.5144, ""D"": 1.0, ""E"": 0.6932}","Edmond Malone | Irish Literary Critic, Biographer & Textual ...Malone, Edmund - Overview | StudyGuides.comEdmond Malone | Scholar | Blue Plaques | English HeritageShakespeare, Malone and the Problems of ChronologyEdmond Malone, Shakespearean Scholar | Cambridge University ...Malone, Edmond | Dictionary of Irish Biography | Edmond Malone - Wikipedia | Edmond Malone : London Remembers, Aiming to capture all... | Edmond Malone (judge) - Wikipedia | Edmond Malone",https://www.britannica.com/biography/Edmund-Malone | https://en.wikipedia.org/wiki/Edmond_Malone | https://www.londonremembers.com/subjects/edmond-malone?memorial_id=82 | https://en.wikipedia.org/wiki/Edmond_Malone_(judge) | https://grokipedia.com/page/Edmond_Malone
6,Who directed the film Enakku Vaaitha Adimaigal?,A,0.9532,A,A,"Who directed the film Enakku Vaaitha Adimaigal | ""Enakku Vaaitha Adimaigal"" | Enakku Vaaitha Adimaigal directed film | Enakku Vaaitha Adimaigal wikipedia | Enakku Vaaitha Adimaigal dhayanidhi | Enakku Vaaitha Adimaigal sutharsan","{""A"": 1.0, ""B"": 0.0, ""C"": 0.4954, ""D"": 0.1168, ""E"": 0.1168}",Enakku Vaaitha Adimaigal - Wikipedia | Enakku Vaaitha Adimaigal (2017) directed by Mahendran Rajamani... | Enakku Vaaitha Adimaigal (2017) - IMDb | Watch Enakku Vaaitha Adimaigal Full HD Movie Online on ZEE5 | Enakku Vaaitha Adimaigal Explained,https://en.wikipedia.org/wiki/Enakku_Vaaitha_Adimaigal | https://letterboxd.com/film/enakku-vaaitha-adimaigal/crew/ | https://www.imdb.com/title/tt6493974/ | https://www.zee5.com/movies/details/enakku-vaaitha-adimaigal/0-0-movie_1415608595 | https://everything.explained.today/Enakku_Vaaitha_Adimaigal/
7,What is the Agadez Mosque made of?,E,0.7206,E,E,"What is the Agadez Mosque made of | ""Agadez Mosque"" | Agadez Mosque made | Agadez Mosque wikipedia | Agadez Mosque concrete | Agadez Mosque bamboo","{""A"": 0.6134, ""B"": 0.6134, ""C"": 0.6134, ""D"": 0.6134, ""E"": 1.0}","Agadez Mosque - Wikipedia | Great Mosque of Agadez (Agadez, 1844) | Structurae | Agadez Mosque Facts for Kids | File:1997 277-9A Agadez mosque cropped.jpg - Wikipedia | Agadez Mosque | Wondermondo",https://en.wikipedia.org/wiki/Agadez_Mosque | https://structurae.net/en/structures/great-mosque-of-agadez | https://kids.kiddle.co/Agadez_Mosque | https://ie.wikipedia.org/wiki/File:1997_277-9A_Agadez_mosque_cropped.jpg | https://web.archive.org/web/20170528065133/http://www.wondermondo.com/Countries/Af/Niger/Agadez/AgadezMosque.htm
8,When was the first official live album release by British rock band New Model Army?,C,0.9492,C,C,"When was the first official live album release by British rock band New Model Army | ""New Model Army"" | New Model Army first official live album | New Model Army wikipedia | New Model Army 1992 | New Model Army 1990","{""A"": 0.5011, ""B"": 0.3348, ""C"": 1.0, ""D"": 0.3348, ""E"": 0.418}",Raw Melody Men - Wikipedia | BBC Radio One Live in Concert (New Model Army album ... | New Model Army discography - Wikipedia | New Model Army | New Model Army - Albums,https://en.wikipedia.org/wiki/Raw_Melody_Men | https://en.wikipedia.org/wiki/BBC_Radio_One_Live_in_Concert_(New_Model_Army_album) | https://en.wikipedia.org/wiki/New_Model_Army_discography | https://en.wikipedia.org/wiki/New_Model_Army | https://www.newmodelarmy.org/?view=article&id=322:albums&catid=93
9,What were the objectives of the CoRoT space telescope mission?,C,0.6849,C,C,"What were the objectives of the CoRoT space telescope mission | ""CoRoT"" | CoRoT objectives space telescope mission | CoRoT wikipedia | CoRoT composition | CoRoT atmosphere","{""A"": 0.6644, ""B"": 0.2847, ""C"": 1.0, ""D"": 0.4281, ""E"": 0.3116}",CoRoT | CoRoT - Wikipedia | ESA - COROT mission strategy | CoRoT Mission | COROT - Gunter's Space PageCoRoT | CNESCoRoT and the Pioneering Detection of New Planets,https://en.wikipedia.org/wiki/CoRoT | https://en.wikipedia.org/wiki/COROT | https://www.esa.int/Science_Exploration/Space_Science/Corot/COROT_mission_strategy | https://www.astris.info/en/post/corot-mission | https://space.skyrocket.de/doc_sdat/corot.htm
10,"In which year was the original Broadway play ""Girls"" by Clyde Fitch first performed?",B,0.6811,B,B,"In which year was the original Broadway play ""Girls"" by Clyde Fitch first performed | ""Girls"" | Girls year original broadway play | Girls wikipedia | Girls above | Girls 1895","{""A"": 0.0, ""B"": 1.0, ""C"": 0.8842, ""D"": 0.0, ""E"": 0.0}","Clyde Fitch - Wikipedia | Cheyenne girls. 1895 | Native american history, American beauty... | Girls – Broadway Play – Original | IBDB | Girls' Generation | Rare 1895 Baby Names: Dinah, Blossom, Royce - Appellation Mountain",https://en.wikipedia.org/wiki/Clyde_Fitch | https://www.pinterest.com/pin/cheyenne-girls-1895--414401603235065585/ | https://www.ibdb.com/broadway-production/girls-6546 | https://en.wikipedia.org/wiki/Girls'_Generation | https://appellationmountain.net/rare-1895-baby-names/
11,What is Herbert Leuninger remembered for?,A,0.814,A,A,"What is Herbert Leuninger remembered for | ""Herbert Leuninger"" | Herbert Leuninger remembered | Herbert Leuninger wikipedia | Herbert Leuninger contributing | Herbert Leuninger renaissance","{""A"": 1.0, ""B"": 0.0, ""C"": 0.0, ""D"": 0.0, ""E"": 0.48}",Herbert Leuninger | Herbert Leuninger Facts for Kids | Herbert Leuninger – Wikipedia | Herbert Leuninger: (Archive Church 1989) HE THEOLOGICAL BASIS... | A life for human rights – PRO ASYL mourns Herbert Leuninger,https://en.wikipedia.org/wiki/Herbert_Leuninger | https://kids.kiddle.co/Herbert_Leuninger | https://de.wikipedia.org/wiki/Herbert_Leuninger | http://www.leuninger-herbert.de/herbert/archiv/kirche/89_Theology_Asylum.htm | https://www.proasyl.de/en/news/a-life-for-human-rights-pro-asyl-mourns-herbert-leuninger/
12,What industries does Volga-Dnepr Airlines primarily serve?,B,0.9387,B,B,"What industries does Volga-Dnepr Airlines primarily serve | ""Volga-Dnepr Airlines"" | Volga-Dnepr Airlines industries primarily serve | Volga-Dnepr Airlines wikipedia | Volga-Dnepr Airlines telecommunications | Volga-Dnepr Airlines pharmaceutical","{""A"": 0.3019, ""B"": 1.0, ""C"": 0.1786, ""D"": 0.1231, ""E"": 0.1143}",Volga-Dnepr Airlines | Volga-Dnepr Airlines Explained | Volga-Dnepr Airlines - Wikiwand | Volga-Dnepr Airlines - Aviapedia | Volga-Dnepr Group - Wikipedia,https://en.wikipedia.org/wiki/Volga-Dnepr_Airlines | https://everything.explained.today/Volga-Dnepr_Airlines/ | https://www.wikiwand.com/en/Volga-Dnepr_Airlines | https://aviapedia.biz/ad/volga-dnepr-airlines/ | https://en.wikipedia.org/wiki/Volga-Dnepr_Group
13,"What biblical verse inspired the name of the Scum of the Earth Church in Denver, Colorado?",C,0.4782,C,C,"What biblical verse inspired the name of the Scum of the Earth Church in Denver, Colorado | ""Denver Colorado"" | Denver Colorado biblical verse inspired name | Denver Colorado wikipedia | Denver Colorado corinthians | Denver Colorado strengthens","{""A"": 0.0, ""B"": 0.0, ""C"": 1.0, ""D"": 0.2258, ""E"": 0.9597}",Denver Colorado Temple | Quem E Gremista E Quem É Colorado Na Rbs | TikTok | Une journée à Denver dans le Colorado | Le blog de Mathilde | The Fast Feeling: Denver's band with the Scum Of The Earth Church... | University of Colorado Denver - Wikipedia,https://en.wikipedia.org/wiki/Denver_Colorado_Temple | https://www.tiktok.com/discover/quem-e-gremista-e-quem-é-colorado-na-rbs | https://www.maathiildee.com/visiter-denver-colorado/ | https://www.crossrhythms.co.uk/articles/music/The_Fast_Feeling_Denvers_band_with_the_Scum_Of_The_Earth_Church_singer_/62486/p1/ | https://en.wikipedia.org/wiki/University_of_Colorado_Denver
14,What is the main application of the General Electric F414 turbofan engine?,B,0.6725,B,B,"What is the main application of the General Electric F414 turbofan engine | ""General Electric F414"" | General Electric F414 main application turbofan engine | General Electric F414 wikipedia | General Electric F414 electricity | General Electric F414 submarines","{""A"": 0.874, ""B"": 1.0, ""C"": 0.8661, ""D"": 0.8964, ""E"": 0.874}",General Electric F414 - Wikipedia | General Electric F414 Engine | KÜRE Encyclopedia | General Electric F414 is an American afterburning turbofan engine. | General Electric F414 | general electric ge90 3D Models | Page 1 | STLFinder,https://en.wikipedia.org/wiki/General_Electric_F414 | https://kureansiklopedi.com/en/detay/general-electric-f414-engine-c0ef4 | https://www.pinterest.com/pin/general-electric-f414-is-an-american-afterburning-turbofan-engine--598626975464979601/ | https://grokipedia.com/page/General_Electric_F414 | https://www.stlfinder.com/3dmodels/general-electric-ge90/
15,What is the observation height of the Eckkopf Tower?,E,0.39,E,C,"What is the observation height of the Eckkopf Tower | ""Eckkopf Tower"" | Eckkopf Tower observation height | Eckkopf Tower wikipedia | Eckkopf Tower ground | Eckkopf Tower below","{""A"": 0.2345, ""B"": 0.1683, ""C"": 1.0, ""D"": 0.931, ""E"": 1.0}",Eckkopf Tower - Wikipedia | Eckkopf Tower Essential Tips and Information - Trek Zone | Eckkopf Tower - Wikiwand | Eckkopf Tower - Detailed Pedia | Eckkopf - Wikipedia,https://en.wikipedia.org/wiki/Eckkopf_Tower | https://trek.zone/en/germany/places/617560/eckkopf-tower | https://www.wikiwand.com/en/articles/Eckkopf_Tower | https://www.detailedpedia.com/wiki-Eckkopf_Tower | https://en.wikipedia.org/wiki/Eckkopf
16,What is one of Giorgi Ovashvili's notable works?,E,0.8332,E,E,"What is one of Giorgi Ovashvili's notable works | ""Giorgi Ovashvili's"" | Giorgi Ovashvili's one notable works | Giorgi Ovashvili's wikipedia | Giorgi Ovashvili's tzameti | Giorgi Ovashvili's saul","{""A"": 0.0787, ""B"": 0.6669, ""C"": 0.0, ""D"": 0.0, ""E"": 1.0}","George Ovashvili - IMDbDiscovering Georgia's Famous Filmmaker George Ovashvili: A ...Giorgi Ovashvili - The Movie Database (TMDB)Giorgi Ovashvili - History & Filmography - FlickchartGeorge Ovashvili — GrokipediaGiorgi Ovashvili Biography: Age, Films, Net Worth, Height ... | Giorgi Ovashvili - History & Filmography - Flickchart | Giorgi Ovashvili - Wikipedia | Discovering Georgia's Famous Filmmaker George Ovashvili: A ... | Giorgi Ovashvili’s Corn Island (Simindis kundzuli, 2014) – East...",https://www.imdb.com/name/nm0653768/ | https://www.flickchart.com/professional/giorgi-ovashvili | https://en.wikipedia.org/wiki/Giorgi_Ovashvili | https://georgiandaily.com/stories/2032/09/discovering-georgia-s-famous-filmmaker-george-ovashvili-a-tribute-to-c.html | https://eefb.org/perspectives/giorgi-ovashvilis-corn-island-simindis-kundzuli-2014/
17,"Which record label released Basia Bulat's album ""Are You in Love?""?",C,1.0,C,C,"Which record label released Basia Bulat's album ""Are You in Love?"" | ""Are You in Love?"" | Are You in Love? record label released basia | Are You in Love? wikipedia | Are You in Love? entertainment | Are You in Love? interscope","{""A"": 0.133, ""B"": 0.133, ""C"": 1.0, ""D"": 0.133, ""E"": 0.0162}",Are You in Love? - Wikipedia | ‘Are You in Love?' Review: Basia Bulat’s folk-tinged new album is an... | CD - Basia Bulat - Are You In Love? – Secret City Records Inc. | Basia Bulat | Releases - IRASCIBLE MUSIC - Basia Bulat - Are You In Love?,https://en.wikipedia.org/wiki/Are_You_In_Love? | https://meaww.com/basia-bulat-are-you-in-love-album-review-folk-music-secret-city-records | https://boutique.secretcityrecords.com/collections/basia-bulat-are-you-in-love/products/cd-are-you-in-love | https://grokipedia.com/page/Basia_Bulat | https://irascible.ch/releases/basia-bulat/are-you-in-love/
18,In which museum is the painting Portrait of a Young Man by Paolo Uccello currently located?,E,0.7903,E,E,"In which museum is the painting Portrait of a Young Man by Paolo Uccello currently located | ""Paolo Uccello"" | Paolo Uccello museum painting portrait young | Paolo Uccello wikipedia | Paolo Uccello indianapolis | Paolo Uccello metropolitan","{""A"": 0.5138, ""B"": 0.0, ""C"": 0.4671, ""D"": 0.394, ""E"": 1.0}","Portrait of a Young Man by Paolo Uccello | USEUM | Portrait of a Young Man by Paolo Uccello - Art Renewal Center | Paintings by Paolo Uccello - Wikimedia Commons | Paolo uccello, portrait of a young man, C. 1430-35 | Paolo Uccello",https://www.useum.org/artwork/Portrait-of-a-Young-Man-Paolo-Uccello-1430 | https://artrenewal.org/artwork/index/27343 | https://commons.wikimedia.org/wiki/Paintings_by_Paolo_Uccello | https://www.pinterest.com/pin/paolo-uccello-portrait-of-a-young-man-c-143035--9288742953566412/ | https://en.wikipedia.org/wiki/Paolo_Uccello
19,When was the book William and the Masked Ranger first published?,E,1.0,E,E,"When was the book William and the Masked Ranger first published | ""Masked Ranger"" | Masked Ranger book william first published | Masked Ranger wikipedia | Masked Ranger 1975 | Masked Ranger 1990","{""A"": 0.0, ""B"": 0.0, ""C"": 0.0, ""D"": 0.0, ""E"": 1.0}","William and the Masked Ranger - Wikipedia | William And The Masked Ranger (Just William, #37) by... | Goodreads | William and the Masked Ranger | William and the masked ranger : Crompton... : Internet Archive | Richmal Crompton | William and the Masked Ranger, 1966, first",https://en.wikipedia.org/wiki/William_and_the_Masked_Ranger | https://www.goodreads.com/book/show/2740020-william-and-the-masked-ranger | https://grokipedia.com/page/william_and_the_masked_ranger | https://archive.org/details/williammaskedran0000crom | https://www.sothebys.com/en/buy/auction/2021/books-and-manuscripts-19th-and-20th-century/richmal-crompton-william-and-the-masked-ranger
20,In which events did Konrad Sebastian Winkler compete at the 1924 Summer Olympics?,B,1.0,B,B,"In which events did Konrad Sebastian Winkler compete at the 1924 Summer Olympics | ""Konrad Sebastian Winkler"" | Konrad Sebastian Winkler events compete 1924 summer | Konrad Sebastian Winkler wikipedia | In which events did Konrad Sebastian Winkler compete at the 1924 Summer Olympics?","{""A"": 0.3333, ""B"": 1.0, ""C"": 0.25, ""D"": 0.25, ""E"": 0.25}","Konrad Winkler (fencer) - Wikipedia | Konrad Sebastian Winkler was a Polish fencer and painter. | Konrad Winkler – Wikipedia, wolna encyklopedia | Konrad Winkler. Najbardziej zagorzały polski formista | Sztuki Piękne | Gymnastics at the 1924 Summer Olympics... - Wikipedia",https://en.wikipedia.org/wiki/Konrad_Winkler_(fencer) | https://prabook.com/web/konrad.winkler/2140268 | https://pl.wikipedia.org/wiki/Konrad_Winkler | https://sztukipiekne.pl/konrad-winkler-najbardziej-zagorzaly-polski-formista/ | https://en.wikipedia.org/wiki/Gymnastics_at_the_1924_Summer_Olympics_–_Men's_parallel_bars
21,What is one of the highlights of the Leer Lutheran Church as mentioned in the provided Wikipedia excerpt?,B,1.0,B,B,"What is one of the highlights of the Leer Lutheran Church as mentioned in the provided Wikipedia excerpt | ""Leer Lutheran Church"" | Leer Lutheran Church one highlights mentioned provided | Leer Lutheran Church wikipedia | Leer Lutheran Church architectural | Leer Lutheran Church existence","{""A"": 0.1889, ""B"": 1.0, ""C"": 0.0, ""D"": 0.1522, ""E"": 0.1522}",Leer Lutheran Church - Wikiwand | Leer Lutheran Church - Wikiwand | Leer Lutheran Church - Wikipedia | File:Leer Lutheran Church 1 - Leer Michigan.jpg - Wikimedia Commons | Leer Lutheran Church — Grokipedia,https://www.wikiwand.com/en/Leer_Lutheran_Church | https://www.wikiwand.com/en/articles/Leer_Lutheran_Church | https://en.wikipedia.org/wiki/Leer_Lutheran_Church | https://commons.wikimedia.org/wiki/File:Leer_Lutheran_Church_1_-_Leer_Michigan.jpg | https://grokipedia.com/page/leer_lutheran_church
22,What is the current population status of the Nubian ibex species?,C,0.9492,B,C,"What is the current population status of the Nubian ibex species | ""Nubian"" | Nubian current population status ibex | Nubian wikipedia | Nubian critically | Nubian threatened","{""A"": 0.2277, ""B"": 0.2869, ""C"": 1.0, ""D"": 0.2562, ""E"": 0.2869}","Nubian ibex - Wikipedia | Population & Conservation Status - Nubian Ibex (Capra nubiana ... | The Current Conservation Efforts and Future Prospects for the... | Nubian Ibex - Facts, Diet, Habitat & Pictures on Animalia.bio | Nubian ibex facts, distribution & population | BioDB",https://en.wikipedia.org/wiki/Nubian_ibex | https://ielc.libguides.com/sdzg/factsheets/nubian_ibex/population | https://www.scirp.org/pdf/jep_2024012915515623.pdf | https://animalia.bio/nubian-ibex | https://biodb.com/species/nubian-ibex/
23,What is the plot of the opera Le prophète based on?,C,0.6286,C,C,"What is the plot of the opera Le prophète based on | ""Le"" | Le plot opera proph te | Le wikipedia | Le revolutionary | Le anabaptist","{""A"": 0.9591, ""B"": 0.1521, ""C"": 1.0, ""D"": 0.8848, ""E"": 0.2903}",Le prophète - Wikipedia | Le Proph¿te (Live-Aufnahme) von Lyon Opera Chorus auf... | Thalia | Meyerbeer's 'Le Prophète' from 1849 sounds like... | The Independ... | Le Prophète: Opéra En Cinq Actes by Eugène Scribe | Goodreads | LE Wikipedia,https://en.wikipedia.org/wiki/Le_prophète | https://www.thalia.de/shop/home/artikeldetails/A1072123982 | https://www.independent.co.uk/news/ap-munster-paris-metropolitan-opera-wagner-b2588963.html | https://www.goodreads.com/book/show/27042500-le-proph-te | https://en.wikipedia.org/wiki/LE_Wikipedia
24,What is The Patron Saint of Butterflies about?,B,0.6643,B,B,"What is The Patron Saint of Butterflies about | ""Patron Saint"" | Patron Saint butterflies | Patron Saint wikipedia | Patron Saint extraterrestrial | Patron Saint historical","{""A"": 0.6939, ""B"": 1.0, ""C"": 0.6601, ""D"": 0.642, ""E"": 0.6462}",The Patron Saint of Butterflies | The Patron Saint of Butterflies | Jen Robinson's Book Page: The Patron Saint of Butterflies: Cecilia... | Khy (The United States)’s review of The Patron Saint of Butterflies | The Patron Saint of Butterflies by Cecilia Galante | The Reading Zone,https://en.wikipedia.org/wiki/The_Patron_Saint_of_Butterflies | https://grokipedia.com/page/the_patron_saint_of_butterflies | https://jkrbooks.typepad.com/blog/2008/09/the-patron-sain.html | https://www.goodreads.com/review/show/27539251 | https://thereadingzone.wordpress.com/2008/06/21/the-patron-saint-of-butterflies-by-cecilia-galante/
25,What was the purpose of developing the Liberty L-6 aircraft engine during World War I?,A,0.621,A,A,"What was the purpose of developing the Liberty L-6 aircraft engine during World War I | ""Liberty L-6"" | Liberty L-6 purpose developing aircraft engine | Liberty L-6 wikipedia | Liberty L-6 submarines | Liberty L-6 carriers","{""A"": 1.0, ""B"": 0.9684, ""C"": 0.9573, ""D"": 0.97, ""E"": 0.9573}",Liberty L-6 - Wikipedia | Liberty L-6 | Military Wiki | FandomLiberty L-6 > National Museum of the United States Air Force...Notes on the Liberty Aircraft Engine [1]Liberty L-6 ExplainedAllison Liberty L-12 / Liberty L-6 / VG-1410 / Hall-Scott L-6 ... | Liberty L-6 — Grokipedia | Liberty L-6 Explained | File:LIberty L-6 engine installed in captured Fokker D.VII.jpg...,https://en.wikipedia.org/wiki/Liberty_L-6 | https://military-history.fandom.com/wiki/Liberty_L-6 | https://grokipedia.com/page/liberty_l_6 | https://everything.explained.today/Liberty_L-6/ | https://commons.wikimedia.org/wiki/File:LIberty_L-6_engine_installed_in_captured_Fokker_D.VII.jpg
26,"What is the primary genre of music featured on the album ""So Fresh: The Hits of Winter 2002""?",A,0.24,A,A,"What is the primary genre of music featured on the album ""So Fresh: The Hits of Winter 2002"" | ""So Fresh: The Hits of Winter 2002"" | So Fresh: The Hits of Winter 2002 primary genre music featured | So Fresh: The Hits of Winter 2002 wikipedia | So Fresh: The Hits of Winter 2002 classical | So Fresh: The Hits of Winter 2002 country","{""A"": 1.0, ""B"": 1.0, ""C"": 0.0, ""D"": 0.0, ""E"": 0.0}","So Fresh: The Hits of Winter 2002 - Various Ar... | AllMusic | So Fresh: The Hits Of Winter 2002 – CD (Compilation), 2002 ...So Fresh: The Hits of Winter 2002 - WikipediaSo Fresh: The Hits Of Winter 2002 - playlist by So ... - SpotifySo Fresh The Hits Of Winter 2002 - YouTube MusicSo Fresh The Hits Of Winter 2002 - YouTubeSo Fresh: The Hits of Winter 2002 - grokipedia.comSo Fresh∶ The Hits of Winter 2002 | Various Artists | So ...Images | So Fresh: The Hits of Winter 2002 | So Fresh: The Hits of Winter 2002 - Wikipedia | Talk:So Fresh: The Hits of Winter 2002 - Wikipedia",https://www.allmusic.com/album/so-fresh-the-hits-of-winter-2002-mw0000555806 | https://www.discogs.com/release/8623131-Various-So-Fresh-The-Hits-Of-Winter-2002 | https://grokipedia.com/page/so_fresh_the_hits_of_winter_2002 | https://en.wikipedia.org/wiki/So_Fresh:_The_Hits_of_Winter_2002 | https://en.wikipedia.org/wiki/Talk:So_Fresh:_The_Hits_of_Winter_2002
27,"What position did ""Crackerbox Palace"" reach on the American pop charts?",A,0.6093,C,A,"What position did ""Crackerbox Palace"" reach on the American pop charts | ""Crackerbox Palace"" | Crackerbox Palace position reach american pop | Crackerbox Palace wikipedia | Crackerbox Palace chart | Crackerbox Palace 40","{""A"": 1.0, ""B"": 0.2426, ""C"": 0.9867, ""D"": 0.2386, ""E"": 0.2426}",Crackerbox Palace - Wikipedia | George Harrison - Crackerbox Palace Lyrics | Lyrics.com | Crackerbox Palace | The Beatles Wiki | Fandom | Thirty Three & 1/3 - Wikipedia | File talk:George Harrison - Crackerbox Palace.jpg - Wikipedia,https://en.wikipedia.org/wiki/Crackerbox_Palace | https://www.lyrics.com/lyric-lf/2263568/George+Harrison/Crackerbox+Palace | https://beatles.fandom.com/wiki/Crackerbox_Palace | https://en.wikipedia.org/wiki/Thirty_Three_&_1/3 | https://en.wikipedia.org/wiki/File_talk:George_Harrison_-_Crackerbox_Palace.jpg
28,What was the size ratio between the US soldiers and the Chiricahua Apache during the Geronimo Campaign?,A,0.6517,B,A,"What was the size ratio between the US soldiers and the Chiricahua Apache during the Geronimo Campaign | ""Chiricahua Apache"" | Chiricahua Apache size ratio us soldiers | Chiricahua Apache wikipedia | Chiricahua Apache number | Chiricahua Apache 100","{""A"": 1.0, ""B"": 0.9262, ""C"": 0.4022, ""D"": 0.9262, ""E"": 0.2417}","Apache Wars - WikipediaChiricahua Apache - Encyclopedia.comEngagements by the 9th & 10th Cavalry and/or Seminole...Apache Chief Cochise’s Secret Mountain Fortress Where He Made ...Powerful Apache Warrior Women: Lozen & Dahteste | The Apache Wars Part II: Geronimo - Chiricahua National Monument... | Chiricahua apache | Chiricahua | Apache, Southwest, & Native Americans | BritannicaChiricahua Apache National FoundationChiricahua Apache - Legends of AmericaApache Before 1861 - Chiricahua National Monument (U.S ... | Geronimo / Chiricahua Apache History... | Dragoon Arizona",https://en.wikipedia.org/wiki/Apache_Wars | https://www.nps.gov/chir/learn/historyculture/apache-wars-geronimo.htm | https://en.wikipedia.org/wiki/Chiricahua_apache | https://www.britannica.com/topic/Chiricahua | https://www.dragoonarizona.com/chiricahua-apache/chiricahua-apache-history/geronimo
29,What is Albert Tulloch's position and duration of his professional football career?,C,0.8472,C,C,"What is Albert Tulloch's position and duration of his professional football career | ""Albert Tulloch's"" | Albert Tulloch's position duration his professional | Albert Tulloch's wikipedia | Albert Tulloch's midfielder | Albert Tulloch's goalkeeper","{""A"": 0.2535, ""B"": 0.3485, ""C"": 1.0, ""D"": 0.4326, ""E"": 0.3507}","Bert Tulloch - Wikipedia | Albert Tulloch Songs, Albums, Reviews, Bio & More | AllMusic | Albert Donald Tulloch (1926-1998) | WikiTree FREE Family Tree | Peter Albert Tulloch Address & Phone Number - Whitepages | Locate TULLOCH Family Members | Locate Family Worldwide",https://en.wikipedia.org/wiki/Bert_Tulloch | https://www.allmusic.com/artist/albert-tulloch-mn0004221232 | https://www.wikitree.com/wiki/Tulloch-231 | https://www.whitepages.com/name/Peter-Albert-Tulloch | https://www.locatefamily.com/T/TUL/TULLOCH-5.html
30,"Who directed the 1973 West German comedy romance film ""Old Barge, Young Love""?",B,0.39,B,A,"Who directed the 1973 West German comedy romance film ""Old Barge, Young Love"" | ""Old Barge, Young Love"" | Old Barge, Young Love directed 1973 west german | Old Barge, Young Love wikipedia | Old Barge, Young Love millowitsch | Old Barge, Young Love barbara","{""A"": 1.0, ""B"": 1.0, ""C"": 0.0, ""D"": 1.0, ""E"": 1.0}","Old Barge, Young Love (1973 film) - Wikipedia | Alter Kahn und junge Liebe (1973) - IMDbOld Barge, Young Love (1973 film) - wikiilm.comOld Barge, Young Love (1973 film) - Detailed PediaOld Barge, Young Love (1973 film) explainedOld Barge, Young Love - Movies on Google PlayOld Barge, Young Love (movie, 1973) - Kinorium | Old Barge, Young Love (1973 film) - wikiilm.com | Old Barge, Young Love (1973 film) - Detailed Pedia | Old Barge, Young Love (1973 film) explained","https://en.wikipedia.org/wiki/Old_Barge,_Young_Love_(1973_film) | https://www.imdb.com/title/tt0069695/ | https://wikiilm.com/en/A/Alter_Kahn_und_junge_Liebe_(1973_film) | https://www.detailedpedia.com/wiki-Old_Barge,_Young_Love_(1973_film) | https://everything.explained.today/\/Old_Barge,_Young_Love_(1973_film)/"
31,"Which of the following statements accurately describes the production details of the song ""Take Me Over"" by Peking Duk featuring SAFIA?",A,0.39,A,A,"Which of the following statements accurately describes the production details of the song ""Take Me Over"" by Peking Duk featuring SAFIA | ""Take Me Over"" | Take Me Over following statements accurately describes | Take Me Over wikipedia | Take Me Over september | Take Me Over alex","{""A"": 1.0, ""B"": 1.0, ""C"": 1.0, ""D"": 0.2585, ""E"": 0.9821}",Take Me Over (Peking Duk song) | Red - Take Me Over (Official Lyric Video) - YouTubePeking Duk - Take Me Over Ft. SAFIA [OFFICIAL MUSIC VIDEO]Take Me Over (Peking Duk song) - WikipediaTake me over - Idioms by The Free DictionaryRed – Take Me Over Lyrics - GeniusPeking Duk - Take Me Over Lyrics | AZLyrics.comTake Me Over - song and lyrics by Red | Spotify | Take Me Over (Peking Duk song) - Wikiwand | Take Me Over (Peking Duk song) - WIKI 2 | Take Me Over (Peking Duk song) ::: Open WIKI - owiki.org,https://en.wikipedia.org/wiki/Take_Me_Over_(Peking_Duk_song) | https://www.youtube.com/watch?v=ey3jxwMWTAk | https://www.wikiwand.com/en/articles/Take_Me_Over_(Peking_Duk_song) | https://wiki2.org/en/Take_Me_Over_(Peking_Duk_song) | https://owiki.org/wiki/Take_Me_Over_(Peking_Duk_song)
32,How long did the Meitetsu 1380 series operate in Japan?,D,1.0,D,D,"How long did the Meitetsu 1380 series operate in Japan | ""Meitetsu"" | Meitetsu long 1380 series operate | Meitetsu wikipedia | Meitetsu 13 | Meitetsu 10","{""A"": 0.0, ""B"": 0.0, ""C"": 0.0, ""D"": 1.0, ""E"": 0.0}",Meitetsu 1380 series - Wikipedia | Meitetsu 1200 series | Meitetsu | Meitetsu KiHa 10 series | Meitetsu Takehana Line — Grokipedia,https://en.wikipedia.org/wiki/Meitetsu_1380_series | https://en.wikipedia.org/wiki/Meitetsu_1200_series | https://en.wikipedia.org/wiki/Meitetsu | https://grokipedia.com/page/meitetsu_kiha_10_series | https://grokipedia.com/page/meitetsu_takehana_line
33,"What is the population of the municipality of Cea, located in the province of León, Castile and León, Spain, according to the 2010 census (INE)?",B,1.0,B,B,"What is the population of the municipality of Cea, located in the province of León, Castile and León, Spain, according to the 2010 census (INE) | ""León Castile"" | León Castile population municipality cea located | León Castile wikipedia | León Castile 000 | León Castile 900","{""A"": 0.0937, ""B"": 1.0, ""C"": 0.0937, ""D"": 0.0937, ""E"": 0.0937}","Cea, León - Wikipedia | Cea Map - Village - Leon, Castile and León, Spain - Mapcarta | Cea, León - Wikiwand | Cea | León | Roman Ruins, Gothic Cathedrals & Tapas | BritannicaCastile-Leon | History, Facts, & Map | BritannicaDiscover Castile and León Spain Tourism: History & Culture GuideCastile and León – Travel guide at Wikivoyage","https://en.wikipedia.org/wiki/Cea,_León | https://mapcarta.com/18596818 | https://www.wikiwand.com/en/articles/Cea,_León | https://peakvisor.com/poi/cea.html | https://www.britannica.com/place/Leon-Spain"
34,What is the key structural motif of starch?,A,0.4893,A,A,What is the key structural motif of starch | What is the key structural motif of starch isomaltose | What is the key structural motif of starch amylose | What is the key structural motif of starch?,"{""A"": 1.0, ""B"": 0.9439, ""C"": 0.6154, ""D"": 0.9158, ""E"": 0.8596}",Maltose - Wikipedia | Starch is digested into by ptyalin A Maltose B Maltose class 11 biology... | Human Metabolome Database: Showing metabocard for D-Maltose... | Maltose – Sciencelab limited | Consider the given statements:I. Maltose is also known as malt...,https://en.wikipedia.org/wiki/Maltose | https://www.vedantu.com/question-answer/starch-is-digested-into-by-ptyalin-a-maltose-b-class-11-biology-cbse-60b4ce7380e7cb3395d25b71 | https://hmdb.ca/metabolites/HMDB0000163 | https://sciencelab.co.ke/products/maltose | https://www.vedantu.com/question-answer/consider-the-given-statements-i-maltose-is-also-class-12-chemistry-cbse-60051c26df39ba6653b8c0b1
35,Who is John H. Kerr Dam named after?,D,1.0,D,D,"Who is John H. Kerr Dam named after | ""John H. Kerr Dam"" | John H. Kerr Dam named | John H. Kerr Dam wikipedia | John H. Kerr Dam rockefeller | John H. Kerr Dam calhoun","{""A"": 0.1225, ""B"": 0.1225, ""C"": 0.1225, ""D"": 1.0, ""E"": 0.1225}",John H. Kerr Dam | Kerr Lake - Wikipedia | John H. Kerr Dam Facts for Kids | John H. Kerr Dam and Reservoir - Camping | Virginia | Recreation.gov | Corps Lakes Gateway: Virginia - John H. Kerr Dam and Reservoir,https://en.wikipedia.org/wiki/John_H._Kerr_Dam | https://en.wikipedia.org/wiki/Kerr_Lake | https://kids.kiddle.co/John_H._Kerr_Dam | https://www.recreation.gov/camping/gateways/458 | https://corpslakes.erdc.dren.mil/visitors/projects.cfm?ID=K708350
36,What is the distance in miles of the New Jersey Turnpike's mainline from its southern terminus to Exit 10?,B,0.7801,B,B,"What is the distance in miles of the New Jersey Turnpike's mainline from its southern terminus to Exit 10 | ""New Jersey Turnpike's"" | New Jersey Turnpike's distance miles mainline southern | New Jersey Turnpike's wikipedia | New Jersey Turnpike's information | New Jersey Turnpike's months","{""A"": 0.5284, ""B"": 1.0, ""C"": 0.3523, ""D"": 0.0, ""E"": 0.0}",New Jersey Turnpike - Wikipedia | Distance Between New Jersey and New Jersey Turnpike | Exactly How Long Is the New Jersey Turnpike? The Miles... - Facol Br | New Jersey - Wikipedia | Plan Descriptions and Discounts - E-ZPass New Jersey,https://en.wikipedia.org/wiki/New_Jersey_Turnpike | https://www.distancefromto.net/between/New+Jersey/New+Jersey+Turnpike | https://facol.br/exactly-how-long-is-the-new-jersey-turnpike-the-miles-the-tolls-and-the-math-y6r | https://en.wikipedia.org/wiki/New_Jersey | https://www.ezpassnj.com/en/about/plans.shtml
37,What is the term used to describe the proportionality factor to the Stefan-Boltzmann law that is utilized in subsequent evaluations of the radiative behavior of grey bodies?,D,0.8679,A,D,"What is the term used to describe the proportionality factor to the Stefan-Boltzmann law that is utilized in subsequent evaluations of the radiative behavior of grey bodies | ""Stefan-Boltzmann"" | Stefan-Boltzmann term used describe proportionality | Stefan-Boltzmann wikipedia | Stefan-Boltzmann displacement | Stefan-Boltzmann reflectance","{""A"": 0.6173, ""B"": 0.0, ""C"": 0.3436, ""D"": 1.0, ""E"": 0.0}",Stefan-Boltzmann & Wien's Law Reference Cheat Sheet | The Two Laws of Thermal Radiation: Stefan-Boltzmann and Wien ... | Blackbody Radiation - Stefan-Boltzmann & Wien Laws - YouTube | Stefan-Boltzmann law | Definition & Facts | Britannica | Stefan-Boltzmann Law - GeeksforGeeks,https://livephysics.com/cheat-sheets/physics-stefan-boltzmann-wiens-law-reference/ | https://completeera.com/the-two-laws-of-thermal-radiation-stefan-boltzmann-and-wiens-displacement/ | https://www.youtube.com/watch?v=sUp_WZKZID4 | https://www.britannica.com/science/Stefan-Boltzmann-law | https://www.geeksforgeeks.org/physics/stefan-boltzmann-law/
38,Which family does Turritella torulosa belong to?,C,1.0,C,C,"Which family does Turritella torulosa belong to | ""Turritella"" | Turritella family torulosa belong | Turritella wikipedia | Turritella turritellidae | Turritella amathinidae","{""A"": 0.0, ""B"": 0.0, ""C"": 1.0, ""D"": 0.0, ""E"": 0.0}","Turritella torulosa - Wikipedia | Turritella | Turritella communis - Wikipedia | Turritella torulosa - Gastropods by Eddie Hardy | Turritella torulosa Kiener, 1843 - GBIF",https://en.wikipedia.org/wiki/Turritella_torulosa | https://en.wikipedia.org/wiki/Turritella | https://en.wikipedia.org/wiki/Turritella_communis | https://www.conchology.be/?t=263&family=TURRITELLIDAE+TURRITELLINAE&fullspecies=Turritella+torulosa&shellID=2529 | https://www.gbif.org/species/165526560
39,"What is the significance of recording ""Happiness"" by Matthew Ryan in his own home?",A,0.24,A,A,"What is the significance of recording ""Happiness"" by Matthew Ryan in his own home | ""Happiness"" | Happiness significance recording matthew ryan | Happiness wikipedia | Happiness unconventional | Happiness distinguishes","{""A"": 1.0, ""B"": 0.9167, ""C"": 1.0, ""D"": 0.6378, ""E"": 0.9672}","Happiness (Matthew Ryan album) - Alchetron, the free social... | Happiness | Matthew Ryan | Happiness | Happiness (1998 film) - Wikipedia | Happiness | Definition, Nature, Psychology, & Facts | BritannicaHappiness | Psychology TodayHappiness (1998) - IMDb",https://Alchetron.com/Happiness-(Matthew-Ryan-album) | https://matthew-ryan.bandcamp.com/ | https://en.wikipedia.org/wiki/Happiness | https://en.wikipedia.org/wiki/Happiness_(1998_film) | https://www.britannica.com/topic/happiness
40,What was the purpose of the Ferrari 410 S sports racing car?,C,0.6401,B,C,"What was the purpose of the Ferrari 410 S sports racing car | ""Ferrari"" | Ferrari purpose 410 sports racing | Ferrari wikipedia | Ferrari promotional | Ferrari prototype","{""A"": 0.9427, ""B"": 0.7451, ""C"": 1.0, ""D"": 0.637, ""E"": 0.8555}","Ferrari 410 S - Wikipedia | Ferrari | Ferrari 410 Sport Prototype First Raced by Carroll Shelby ... | HowStuffWorks ""Ferrari 410 S"" | 1955 Ferrari 410 Sport Spider by Scaglietti - RM Sotheby's",https://en.wikipedia.org/wiki/Ferrari_410_S | https://en.wikipedia.org/wiki/Ferrari | http://www.finecars.cc/en/editorial/article/news/ferrari-410-sport-prototype-first-raced-by-carroll-shelby-offered-by-rick-cole-auctions-in-monterey/index.html | https://web.archive.org/web/20101104102544/http://auto.howstuffworks.com/ferrari-410-s.htm | https://rmsothebys.com/auctions/mo24/lots/r0163-1955-ferrari-410-sport-spider-by-scaglietti/
41,What is Triamcinolone aminobenzal benzamidoisobutyrate?,E,0.6524,C,E,"What is Triamcinolone aminobenzal benzamidoisobutyrate | ""Triamcinolone"" | Triamcinolone aminobenzal benzamidoisobutyrate | Triamcinolone wikipedia | Triamcinolone mineralocorticoid | Triamcinolone reactions","{""A"": 0.7221, ""B"": 0.865, ""C"": 0.907, ""D"": 0.9252, ""E"": 1.0}","Triamcinolone aminobenzal benzamidoisobutyrate - Wikipedia | Triamcinolone: Package Insert / Prescribing InformationChemistry:Triamcinolone aminobenzal benzamidoisobutyrateTriamcinolone: Uses, Dosage, Side Effects, Warnings - Drugs.com | Triamcinolone aminobenzal benzamidoisobutyrate | Triamcinolone aminobenzal benzamidoisobutyrate - PubChem | Triamcinolone aminobenzal benzamidoisobutyrate of... | Question AI",https://en.wikipedia.org/wiki/Triamcinolone_aminobenzal_benzamidoisobutyrate | https://www.drugs.com/pro/triamcinolone.html | https://grokipedia.com/page/triamcinolone_aminobenzal_benzamidoisobutyrate | https://pubchem.ncbi.nlm.nih.gov/compound/Triamcinolone-aminobenzal-benzamidoisobutyrate | https://www.questionai.com/knowledge/kWjthY9SHR-triamcinolone-aminobenzal-benzamidoisobutyrate
42,What is Klementyna Suchanow known for?,Unknown,0.0,Unknown,Unknown,"What is Klementyna Suchanow known for | ""Klementyna Suchanow"" | Klementyna Suchanow known | Klementyna Suchanow wikipedia | Klementyna Suchanow revolutionizing | Klementyna Suchanow recognition","{""A"": 0.0, ""B"": 0.0, ""C"": 0.0, ""D"": 0.0, ""E"": 0.0}",,
43,What was George Bemis most known for in his career?,E,0.5732,E,E,"What was George Bemis most known for in his career | ""George Bemis"" | George Bemis most known his career | George Bemis wikipedia | George Bemis groundbreaking | George Bemis contributions","{""A"": 0.2576, ""B"": 0.1803, ""C"": 0.824, ""D"": 0.7746, ""E"": 1.0}","George Bemis (lawyer) - Wikipedia | George Bemis - Wikipedia | George Bemis (lawyer) explained | George Bemis (lawyer) - Wikiwand | George Bemis (lawyer) - Alchetron, The Free Social Encyclopedia",https://en.wikipedia.org/wiki/George_Bemis_(lawyer) | https://en.wikipedia.org/wiki/George_Bemis | https://everything.explained.today/George_Bemis_(lawyer)/ | https://www.wikiwand.com/en/articles/Bemis_Professor_of_International_Law | https://alchetron.com/George-Bemis-(lawyer)
44,What were Triton motorcycles?,A,1.0,A,A,"What were Triton motorcycles | ""Triton"" | Triton motorcycles | Triton wikipedia | Triton mythological | Triton dealerships","{""A"": 1.0, ""B"": 0.2341, ""C"": 0.2051, ""D"": 0.0961, ""E"": 0.1444}",Triton motorcycle - Wikipedia | Triton Motorcycles - 65 Years of Triton Motorcycles | The Triton | Motor Shed Cafe | Top 5 Triton motorcycles | Bike EXIF | Triton - Wikipedia,https://en.wikipedia.org/wiki/Triton_motorcycle | https://www.tritonmotorcyclecompany.co.uk/ | https://motorshedcafe.com.au/the-triton/ | https://www.bikeexif.com/top-5-triton-motorcycles | https://en.wikipedia.org/wiki/Triton
45,Which of the following is true about the genus Platynectes?,B,0.0,B,Unknown,"Which of the following is true about the genus Platynectes | ""Platynectes"" | Platynectes following true genus | Platynectes wikipedia | Platynectes reptiles | Platynectes beetles","{""A"": 0.0, ""B"": 0.0, ""C"": 0.0, ""D"": 0.0, ""E"": 0.0}",,
46,"What is the typical color of Anthurium watermaliense, commonly known as the black anthurium or black prince?",E,0.8061,E,E,"What is the typical color of Anthurium watermaliense, commonly known as the black anthurium or black prince | ""Anthurium"" | Anthurium typical color watermaliense commonly | Anthurium wikipedia | Anthurium contrasting | Anthurium distinctive","{""A"": 0.2354, ""B"": 0.4913, ""C"": 0.4334, ""D"": 0.4394, ""E"": 1.0}","Anthurium watermaliense - Wikipedia | Anthurium watermaliense Hort. ex L.H. Bailey & Nash ... | Anthurium | Description, Houseplant, Poisonous, & Facts ...Anthuriums / RHS Plant GuideAnthurium - WikiwandAnthurium Cut Flowers - Complete GuideHow to Grow Anthurium Plants: 15 Steps (with Pictures) - wikiHow | Anthurium watermaliense (Black Anthurium) | Top Tropicals ... | Anthurium Watermaliense – Rare And Captivating Beauty",https://en.wikipedia.org/wiki/Anthurium_watermaliense | https://exoticrainforest.com/Anthurium+watermaliense+pc.html | https://www.britannica.com/plant/Anthurium | https://toptropicals.com/catalog/uid/anthurium_watermaliense.htm | https://theskilledgardener.com/anthurium-watermaliense-rare-and-captivating-beauty/
47,"Which of the following statements accurately categorizes the monarchs, a family of passerine birds, based on their species composition?",E,1.0,E,E,"Which of the following statements accurately categorizes the monarchs, a family of passerine birds, based on their species composition | Which of the following statements accurately categorizes the monarchs, a family of passerine birds, based on their species composition occasionally | Which of the following statements accurately categorizes the monarchs, a family of passerine birds, based on their species composition represented | Which of the following statements accurately categorizes the monarchs, a family of passerine birds, based on their species composition?","{""A"": 0.1298, ""B"": 0.1605, ""C"": 0.1912, ""D"": 0.2632, ""E"": 1.0}","Monarch flycatcher - Wikipedia | Passerine - Wikipedia | Biology:Monarch flycatcher - HandWiki | Monarch flycatcher - Alchetron, The Free Social Encyclopedia | Monarch flycatcher - Wikiwand",https://en.wikipedia.org/wiki/Monarch_flycatcher | https://en.wikipedia.org/wiki/Passerine | https://handwiki.org/wiki/Biology:Monarch_flycatcher | https://alchetron.com/Monarch-flycatcher | https://www.wikiwand.com/en/articles/Monarchidae
48,Which of the following statements accurately describes the plot of the children's novel Vampirates: Demons of the Ocean by Justin Somper?,D,0.4974,D,B,"Which of the following statements accurately describes the plot of the children's novel Vampirates: Demons of the Ocean by Justin Somper | ""Vampirates Demons"" | Vampirates Demons following statements accurately describes | Vampirates Demons wikipedia | Vampirates Demons dangerous | Vampirates Demons different","{""A"": 0.6466, ""B"": 1.0, ""C"": 0.8142, ""D"": 0.9323, ""E"": 0.8559}",Vampirates Demons of the Ocean - Children's Books - BellaOnline | Vampirates: Demons of the Ocean (Justin Somper) » p.1 » Free... | Vampirates - Wikipedia | Vampirates: Demons of the Ocean by Jesse Russell | Goodreads | Vampirates: Demons of the Ocean - Wikipedia,https://www.bellaonline.com/ArticlesP/art20188.asp | https://library.land/justin-somper/291545-vampirates_demons_of_the_ocean.html | https://en.wikipedia.org/wiki/Vampirates | https://www.goodreads.com/book/show/15964579-vampirates | https://en.wikipedia.org/wiki/Vampirates:_Demons_of_the_Ocean
49,What is the Star Trek Ship Construction Manual?,C,0.6988,C,C,"What is the Star Trek Ship Construction Manual | ""Star Trek Ship Construction Manual"" | Star Trek Ship Construction Manual wikipedia | Star Trek Ship Construction Manual specifications | Star Trek Ship Construction Manual information | What is the Star Trek Ship Construction Manual?","{""A"": 0.6482, ""B"": 0.8589, ""C"": 1.0, ""D"": 0.7655, ""E"": 0.8521}","Star Trek Ship Construction Manual - Wikipedia | Ship Construction Manual | Memory Alpha | FandomImagesShip Construction Manual | Memory Beta, non-canon Star Trek ...Ship Construction Manual, 2nd Edition (Star Trek RPG)Star Trek Ship Construction Manual - grokipedia.comShip Construction Manual 2nd edition by FASA 2204 - The ...Manuals and Guides - Theta Fleet | Ship Construction Manual, 2nd Edition (Star Trek RPG)Star Trek Ship Construction Manual - grokipedia.comShip Construction Manual 2nd edition by FASA 2204 - The ...Manuals and Guides - Theta Fleet | Star Trek Ship Construction Manual | Fasa star trek ship construction manual pdf",https://en.wikipedia.org/wiki/Star_Trek_Ship_Construction_Manual | https://memory-alpha.fandom.com/wiki/Ship_Construction_Manual | https://www.amazon.com/Ship-Construction-Manual-Star-Trek/dp/0931787149 | https://grokipedia.com/page/star_trek_ship_construction_manual | https://cdn-cms.f-static.net/uploads/4367296/normal_5f9c40f13befd.pdf
50,What is the main purpose of the Bisi Alimi Foundation (BAF) according to the provided Wikipedia excerpt?,B,0.6039,B,B,"What is the main purpose of the Bisi Alimi Foundation (BAF) according to the provided Wikipedia excerpt | ""Bisi Alimi Foundation BAF"" | Bisi Alimi Foundation BAF main purpose provided wikipedia | Bisi Alimi Foundation BAF wikipedia | Bisi Alimi Foundation BAF discrimination | Bisi Alimi Foundation BAF particularly","{""A"": 0.9944, ""B"": 1.0, ""C"": 0.9387, ""D"": 0.3259, ""E"": 0.0412}",Bisi Alimi Foundation - Wikipedia | Bisi Alimi - Wikipedia | Bisi Alimi Foundation | LinkedIn | Religious Inclusion Pathway Coordinator at the Bisi Alimi Foundation... | Medium | by Bisi Alimi Foundation,https://en.wikipedia.org/wiki/Bisi_Alimi_Foundation | https://en.wikipedia.org/wiki/Bisi_Alimi | https://uk.linkedin.com/company/bisialimifoundation | https://www.hotnigerianjobs.com/hotjobs/585101/religious-inclusion-pathway-coordinator-at-the-bis.html | https://medium.com/@tbafoundations/there-is-nobody-to-run-to-the-lgbt-community-in-nigeria-5bfb60965a10
51,What is isolichenan?,C,0.24,C,C,What is isolichenan | What is isolichenan protein | What is isolichenan?,"{""A"": 0.8277, ""B"": 0.8277, ""C"": 1.0, ""D"": 1.0, ""E"": 0.8277}",Isolichenan - Wikipedia | Chemistry:Isolichenan - HandWiki | Isolichenan - Wikiwand | Isolichenan | 53025-03-9 | YI11686 | Biosynth | Isolichenan — Grokipedia,https://en.wikipedia.org/wiki/Isolichenan | https://handwiki.org/wiki/Chemistry:Isolichenan | https://www.wikiwand.com/en/Isolichenan | https://www.biosynth.com/p/YI11686/53025-03-9-isolichenan | https://grokipedia.com/page/isolichenan
52,What accomplishments has Nekagenet Crippa achieved in his athletic career?,A,1.0,A,A,"What accomplishments has Nekagenet Crippa achieved in his athletic career | ""Nekagenet Crippa"" | Nekagenet Crippa accomplishments achieved his athletic | Nekagenet Crippa wikipedia | Nekagenet Crippa italian | Nekagenet Crippa titles","{""A"": 1.0, ""B"": 0.2141, ""C"": 0.1691, ""D"": 0.2951, ""E"": 0.2141}",Nekagenet Crippa - Wikipedia | Nekagenet Crippa - Wikipedia | Nekagenet Crippa - Wikiwand | Nekagenet Crippa Explained | Nekagenet CRIPPA | Profile | World Athletics,https://en.wikipedia.org/wiki/Nekagenet_Crippa | https://it.wikipedia.org/wiki/Nekagenet_Crippa | https://www.wikiwand.com/en/articles/Nekagenet_Crippa | https://everything.explained.today/Nekagenet_Crippa/ | https://worldathletics.org/athletes/-/14436562
53,Which of the following sell stock on an organized stock exchange such as the New York Stock Exchange?,A,1.0,A,A,"Which of the following sell stock on an organized stock exchange such as the New York Stock Exchange | ""New York Stock Exchange"" | New York Stock Exchange following sell organized | New York Stock Exchange wikipedia | New York Stock Exchange governmental | New York Stock Exchange businesses","{""A"": 1.0, ""B"": 0.0, ""C"": 0.0, ""D"": 0.0926, ""E"": 0.0633}",Which of the following sell stock on an organized stock exchange | Solved: Which of the following sell stock on an organized ... | Which of the following sell stock on an organized stock ... | Which of the following sell stock on an organized stock ... | New York Stock Exchange,https://www.studocu.com/en-us/messages/question/7135198/which-of-the-following-sell-stock-on-an-organized-stock-exchange-such-as-the-new-york-stock | https://www.gauthmath.com/solution/1985700754892164/Which-of-the-following-sell-stock-on-an-organized-stock-exchange-such-as-the-New | https://www.transtutors.com/questions/which-of-the-following-sell-stock-on-an-organized-stock-exchange-such-as-the-new-yor-13094894.htm | https://brainly.com/question/49751925 | https://en.wikipedia.org/wiki/New_York_Stock_Exchange
54,What is the significance of the album Sing You Sinners by Erin McKeown?,C,0.6888,C,C,"What is the significance of the album Sing You Sinners by Erin McKeown | ""Sing You Sinners"" | Sing You Sinners significance album erin mckeown | Sing You Sinners wikipedia | Sing You Sinners collaboration | Sing You Sinners compositions","{""A"": 0.2756, ""B"": 0.6589, ""C"": 1.0, ""D"": 0.2594, ""E"": 0.2668}","Sing You Sinners (album) - Wikipedia | Erin McKeown - Wikipedia | Wikiwand - Sing You Sinners (album) | Sing You Sinners (15th Anniversary Bonus Edition) : Erin McKeown... | Erin McKeown – Sing You Sinners (2006, CD) - Discogs",https://en.wikipedia.org/wiki/Sing_You_Sinners_(album) | https://en.wikipedia.org/wiki/Erin_McKeown | https://www.wikiwand.com/en/Sing_You_Sinners_(album) | https://www.amazon.com/Dont-Worry-bout-Me/dp/B002ORWD16 | https://www.discogs.com/release/2679825-Erin-McKeown-Sing-You-Sinners
55,What is the distance between Whangamōmona and Ohura in New Zealand?,C,0.39,C,B,"What is the distance between Whangamōmona and Ohura in New Zealand | ""Whangamōmona"" | Whangamōmona distance ohura new zealand | Whangamōmona wikipedia | Whangamōmona 55 | Whangamōmona 38","{""A"": 0.9499, ""B"": 1.0, ""C"": 1.0, ""D"": 0.9499, ""E"": 0.9499}",Whangamōmona | Whangamōmona River | Republic of Whangamōmona - Forgotten World Adventures | Rail Cart... | Whangamōmona | 100% Pure New Zealand | Whangamōmona | 100% Pure New Zealand,https://en.wikipedia.org/wiki/Whangamōmona | https://en.wikipedia.org/wiki/Whangamōmona_River | https://forgottenworldadventures.co.nz/directory/republic-of-whangamomona/ | https://www.newzealand.com/nz/whangamomona/ | https://www.newzealand.com/au/whangamomona/
56,When did the Indian team officially make their debut in the Summer Olympic Games?,D,0.7574,D,D,"When did the Indian team officially make their debut in the Summer Olympic Games | ""Summer Olympic Games"" | Summer Olympic Games indian team officially make | Summer Olympic Games wikipedia | Summer Olympic Games 1912 | Summer Olympic Games 1900","{""A"": 0.5455, ""B"": 0.5455, ""C"": 0.7751, ""D"": 1.0, ""E"": 0.5455}",Summer Olympic Games | India at the Olympics - Wikipedia | India at the Olympic Games - Topend SportsHistory – Indian Olympic AssociationFull History Of India at the Olympics In Timeline From 1900 ...India at the Olympics - Wikiwand100 years and 26 medals — India's journey at the OlympicsWhen did India first participated in Olympic Games? | Summer Olympic Games of 1992 | Summer Olympic Games,https://en.wikipedia.org/wiki/Summer_Olympic_Games | https://en.wikipedia.org/wiki/India_at_the_Olympics | https://www.topendsports.com/events/summer/countries/india.htm | https://en.wikipedia.org/wiki/Summer_Olympic_Games_of_1992 | https://grokipedia.com/page/Summer_Olympic_Games
57,"Which of the following statements accurately describes the reception of Achilles' second full-length studio album ""Hospice""?",C,0.5475,C,C,"Which of the following statements accurately describes the reception of Achilles' second full-length studio album ""Hospice"" | ""Hospice"" | Hospice following statements accurately describes | Hospice wikipedia | Hospice disappointment | Hospice significant","{""A"": 0.8607, ""B"": 0.4998, ""C"": 1.0, ""D"": 0.2262, ""E"": 0.2262}",Hospice (album) - Wikipedia | Hospice | [FREE] Which of the following statements accurately applies ... | Solved: Which situation accurately describes hospice care? A ... | [FREE] Identify the statement that accurately describes a ...,https://en.wikipedia.org/wiki/Hospice_(album) | https://en.wikipedia.org/wiki/Hospice | https://brainly.com/question/51100455 | https://www.gauthmath.com/solution/1800988544363541/Which-situation-accurately-describes-hospice-care-A-resident-s-temporary-or-perm | https://brainly.com/question/40556489
58,"Which of the following statements accurately describes the genre of the song ""Hide and Seek"" by Imogen Heap?",B,0.9599,B,B,"Which of the following statements accurately describes the genre of the song ""Hide and Seek"" by Imogen Heap | ""Hide and Seek"" | Hide and Seek following statements accurately describes | Hide and Seek wikipedia | Hide and Seek characterized | Hide and Seek folktronica","{""A"": 0.2716, ""B"": 1.0, ""C"": 0.1078, ""D"": 0.1125, ""E"": 0.1505}","Hide and Seek (Imogen Heap song) - Wikipedia | Hide and Seek (Imogen Heap song) - Wikiwand | Hide and Seek (Imogen Heap song) - grokipedia.com | Hide and Seek (Imogen Heap song) explainedHide and Seek by Imogen Heap (Single; n/a): Reviews, Ratings ...Hide and Seek / Cumulus by Imogen Heap - RYM/Sonemic | ‘Hide and Seek’ by Vernon Scannell - Wingate EnglishMeaningful Learning - 5.1 Hide and seek - Google SitesHide and Seek | 4th Grade Reading Comprehension WorksheetSEJPME II Module 6, Questions and answers, Exams of HistoryWhich of the following statements accurately - studyx.ai",https://en.wikipedia.org/wiki/Hide_and_Seek_(Imogen_Heap_song) | https://www.wikiwand.com/en/Hide_and_Seek_(Imogen_Heap_song) | https://grokipedia.com/page/Hide_and_Seek_(Imogen_Heap_song) | https://everything.explained.today/Hide_and_Seek_(Imogen_Heap_song)/ | https://wingateenglish.weebly.com/uploads/2/3/6/5/23652066/hide_and_seek_questions.doc
59,"What is the focus of ""The Art of the Sucker Punch"" episode from the animated sitcom Home Movies?",B,0.4638,B,E,"What is the focus of ""The Art of the Sucker Punch"" episode from the animated sitcom Home Movies | ""The Art of the Sucker Punch"" | The Art of the Sucker Punch focus episode animated sitcom | The Art of the Sucker Punch wikipedia | The Art of the Sucker Punch relationship | The Art of the Sucker Punch preparation","{""A"": 0.5347, ""B"": 0.9803, ""C"": 0.1407, ""D"": 0.4503, ""E"": 1.0}","The Art of the Sucker Punch | Home Movies Wiki | Fandom""Home Movies"" The Art of the Sucker Punch (TV Episode 1999 ...The Art of the Sucker Punch - WikiwandThe Art of the Sucker Punch - Home Movies S01E03 - tvepguides.comThe Art of the Sucker Punch - Alchetron | ""Home Movies"" The Art of the Sucker Punch (TV Episode 1999 ...The Art of the Sucker Punch - WikiwandThe Art of the Sucker Punch - Home Movies S01E03 - tvepguides.comThe Art of the Sucker Punch - Alchetron | The Art of the Sucker Punch - Wikipedia | Home Movies S1E03 The Art Of The Sucker Punch - YouTubeHome Movies - Remastered in HD: “The Art of the Sucker Punch ...The Art of the Sucker Punch | Home Movies Wiki | Fandom""Home Movies"" The Art of the Sucker Punch (TV Episode 1999 ... | The Art of the Sucker Punch - Grokipedia",https://homemovies.fandom.com/wiki/The_Art_of_the_Sucker_Punch | https://www.imdb.com/title/tt0808693/ | https://en.wikipedia.org/wiki/The_Art_of_the_Sucker_Punch | https://www.youtube.com/watch?v=ZFo0Nz_zgp8 | https://grokipedia.com/page/the_art_of_the_sucker_punch
60,Where is the natural habitat of Amanita protecta typically found?,D,0.8461,D,D,"Where is the natural habitat of Amanita protecta typically found | ""Amanita"" | Amanita natural habitat protecta typically | Amanita wikipedia | Amanita environments | Amanita rainforests","{""A"": 0.201, ""B"": 0.2655, ""C"": 0.201, ""D"": 1.0, ""E"": 0.4341}",Amanita protecta - Wikipedia | Protected Ringless Amanita (Amanita Protecta)... - Plantiary | Amanita - Wikipedia | Amanita muscaria | Amanita protecta (Amanita protecta) - Picture Mushroom,https://en.wikipedia.org/wiki/Amanita_protecta | https://plantiary.com/mushroom/amanita-protecta_2485.html | https://en.wikipedia.org/wiki/Amanita | https://en.wikipedia.org/wiki/Amanita_muscaria | https://picturemushroom.com/wiki/Amanita_protecta.html
61,What is the official naval arm of the State of Ohio called?,E,0.4988,E,C,"What is the official naval arm of the State of Ohio called | ""State"" | State official naval arm ohio | State wikipedia | State organization | State adjutant","{""A"": 0.6598, ""B"": 0.3893, ""C"": 1.0, ""D"": 0.9303, ""E"": 0.6352}","State adjutant general | State organization | Ohio | History, Geography, Capital, Population, Map, & Facts | Britannica | Ohio - Map, Flag & County | HISTORY | ""State terrorism"" and the United States","https://en.wikipedia.org/wiki/State_adjutant_general | https://en.wikipedia.org/wiki/State_organization | https://www.britannica.com/place/Ohio-state | https://www.history.com/articles/ohio | https://en.wikipedia.org/wiki/""State_terrorism""_and_the_United_States"
62,Where was the album Crying Laughing Loving Lying by Labi Siffre recorded?,E,0.7763,E,E,"Where was the album Crying Laughing Loving Lying by Labi Siffre recorded | ""Crying Laughing Loving Lying"" | Crying Laughing Loving Lying album labi siffre recorded | Crying Laughing Loving Lying wikipedia | Crying Laughing Loving Lying electric | Crying Laughing Loving Lying chappell","{""A"": 0.1538, ""B"": 0.1923, ""C"": 0.3846, ""D"": 0.5339, ""E"": 1.0}","Crying Laughing Loving Lying - Wikipedia | Labi Siffre – Crying Laughing Loving Lying | Releases | DiscogsLabi Siffre – Crying, Laughing, Loving, Lying | Releases ...Crying Laughing Loving Lying - Album by Labi SiffreCrying Laughing Loving Lying (1972) by Labi Siffre – Record ClubCrying Laughing Loving Lying by Labi Siffre (Album, Singer ...Crying Laughing Loving Lying - Academic Dictionaries and ... | Labi Siffre – Crying, Laughing, Loving, Lying | Releases ...Crying Laughing Loving Lying - Album by Labi SiffreCrying Laughing Loving Lying (1972) by Labi Siffre – Record ClubCrying Laughing Loving Lying by Labi Siffre (Album, Singer ...Crying Laughing Loving Lying - Academic Dictionaries and ... | Crying Laughing Loving Lying (1972) by Labi Siffre – Record ClubCrying Laughing Loving Lying by Labi Siffre (Album, Singer ...Crying Laughing Loving Lying - Academic Dictionaries and ... | Crying Laughing Loving Lying - Album by Labi Siffre",https://en.wikipedia.org/wiki/Crying_Laughing_Loving_Lying | https://www.discogs.com/master/171733-Labi-Siffre-Crying-Laughing-Loving-Lying | https://www.discogs.com/master/265357-Labi-Siffre-Crying-Laughing-Loving-Lying | https://record.club/releases/albums/labi-siffre-crying-laughing-loving-lying | https://music.youtube.com/playlist?list=OLAK5uy_kS1g6FACKgVOEUHPu0Lm0ctmJNiiVEnmg
63,What was the result of the European tour to promote Gianna Nannini's album Puzzle?,B,0.9591,B,B,"What was the result of the European tour to promote Gianna Nannini's album Puzzle | ""Gianna Nannini's"" | Gianna Nannini's result european tour promote | Gianna Nannini's wikipedia | Gianna Nannini's michelangelo | Gianna Nannini's festivalbar","{""A"": 0.2727, ""B"": 1.0, ""C"": 0.1364, ""D"": 0.1948, ""E"": 0.1837}","Gianna Nannini | Gianna Nannini | Puzzle (Gianna Nannini album) — Wikipedia Republished // WIKI 2 | Gianna Nannini I Maschi Remix | TikTok | Gianna Nannini - Samples, Covers and Remixes | WhoSampled | Gianna Nannini Discography: Vinyl, CDs, & More | Discogs",https://gianna-nanninism.bandcamp.com/ | https://wiki2.org/en/Puzzle_(Gianna_Nannini_album) | https://www.tiktok.com/discover/gianna-nannini-i-maschi-remix | https://www.whosampled.com/Gianna-Nannini/ | https://www.discogs.com/artist/175006-Gianna-Nannini
64,"How was Iron Mountain, Michigan named?",C,0.4722,C,A,"How was Iron Mountain, Michigan named | ""Iron Mountain Michigan"" | Iron Mountain Michigan named | Iron Mountain Michigan wikipedia | Iron Mountain Michigan craftsmanship | Iron Mountain Michigan discovered","{""A"": 1.0, ""B"": 0.6381, ""C"": 0.9683, ""D"": 0.6131, ""E"": 0.6312}","Iron Mountain | Hiking, Skiing & Camping | BritannicaHISTORY OF IRON MOUNTAINDickinson County, Michigan - WikipediaHow Did Michigan Cities Get Their Names? | MichiganWelcome to Dickinson County in the beautiful state of Michigan | Things to Do Iron Mountain Michigan | TikTok | Find and save ideas about iron mountain michigan on Pinterest. | Best Craft Artisans near Iron Mountain, MI 49801 - Yelp | Iron Mountain, Michigan - Wikipedia","https://www.britannica.com/place/Iron-Mountain-Michigan | https://www.tiktok.com/discover/things-to-do-iron-mountain-michigan | https://www.pinterest.com/ideas/iron-mountain-michigan/922612061068/ | https://www.yelp.com/search?find_desc=Craft+Artisans+Near+Iron+Mountain+Michigan&find_loc=Iron+Mountain,+MI+49801 | https://en.wikipedia.org/wiki/Iron_Mountain,_Michigan"
65,What is Tim Kinsella primarily known for?,A,1.0,A,A,"What is Tim Kinsella primarily known for | ""Tim Kinsella"" | Tim Kinsella primarily known | Tim Kinsella wikipedia | Tim Kinsella filmmaking | Tim Kinsella sculpting","{""A"": 1.0, ""B"": 0.0, ""C"": 0.0, ""D"": 0.0, ""E"": 0.0}","Tim Kinsella | Rocker Tim Kinsella approached debut feature ""Orchard Vale..."" | ww-article-cache-1.s3.amazonaws.com/en/Tim_Kinsella | Tim Kinsella - YouTube Music | Tim Kinsella – Record Club",https://en.wikipedia.org/wiki/Tim_Kinsella | https://reelchicago.com/article/rocker-tim-kinsella-approached-debut-feature-orchard-vale-if-it-were-next-record/ | https://ww-article-cache-1.s3.amazonaws.com/en/Tim_Kinsella | https://music.youtube.com/channel/UCDrb4ksvt4vpNZLU02VMMKg | https://record.club/artists/tim-kinsella
66,"In which year was the song ""Slow It Down"" released by Amy Macdonald?",C,1.0,C,C,"In which year was the song ""Slow It Down"" released by Amy Macdonald | ""Slow It Down"" | Slow It Down year song released amy | Slow It Down wikipedia | Slow It Down 2007 | Slow It Down 2010","{""A"": 0.0, ""B"": 0.0, ""C"": 1.0, ""D"": 0.0, ""E"": 0.0}",Slow It Down (Amy Macdonald song) - Wikipedia | Amy MacDonald - Slow It Down Lyrics | Lyrics.com | Life in a Beautiful Light - Wikipedia | Slow It Down (Amy Macdonald song) explained | Slow It Down (Amy Macdonald song) - Wikiwand,https://en.wikipedia.org/wiki/Slow_It_Down_(Amy_Macdonald_song) | https://www.lyrics.com/lyric/26671999/Amy+Macdonald/Slow+It+Down | https://en.wikipedia.org/wiki/Life_in_a_Beautiful_Light | https://everything.explained.today/Slow_It_Down_(Amy_Macdonald_song)/ | https://www.wikiwand.com/en/articles/Slow_It_Down_(Amy_Macdonald_song)
67,What is the primary healthcare authority responsible for the management of Elverum Hospital in Norway?,B,0.5167,B,B,"What is the primary healthcare authority responsible for the management of Elverum Hospital in Norway | ""Elverum Hospital"" | Elverum Hospital primary healthcare authority responsible | Elverum Hospital wikipedia | Elverum Hospital northern | Elverum Hospital western","{""A"": 0.8225, ""B"": 1.0, ""C"": 0.7095, ""D"": 0.7095, ""E"": 0.9047}",Elverum Hospital - Wikipedia | Elverum Hospital Explained | File:Elverum sjukehus.jpg - Wikimedia Commons | Elverum Hospital to Hamar Station - 5 ways to travel via train | Elverum Hospital - Wikidata,https://en.wikipedia.org/wiki/Elverum_Hospital | https://everything.explained.today/Elverum_Hospital/ | https://commons.wikimedia.org/wiki/File:Elverum_sjukehus.jpg | https://www.rome2rio.com/s/Elverum-Hospital/Hamar-Station | https://www.wikidata.org/wiki/Q18618928
68,Where is Mimbaste located?,A,0.5712,A,A,"Where is Mimbaste located | ""Mimbaste"" | Mimbaste located | Mimbaste wikipedia | Mimbaste southwestern | Mimbaste brittany","{""A"": 1.0, ""B"": 0.8269, ""C"": 0.6461, ""D"": 0.5627, ""E"": 0.605}","Mimbaste - Wikipedia | MIMBASTE - Map of Mimbaste 40350 France - Map of FranceAccueil - MimbasteMAP MIMBASTE - Dynamic map of Mimbaste 40350 - Map of FranceMimbaste, France Map : Latitude & Longitude : Where is ...Mimbaste - Location, map, facts - Geodatos | MAP MIMBASTE - Dynamic map of Mimbaste 40350 - Map of France | Mimbaste — Wikipédia | Mimbaste",https://en.wikipedia.org/wiki/Mimbaste | https://www.map-france.com/Mimbaste-40350/ | https://www.map-france.com/Mimbaste-40350/map-Mimbaste.html | https://fr.wikipedia.org/wiki/Mimbaste | https://grokipedia.com/page/mimbaste
69,What is the primary role of the Essex-class carriers in the United States Navy?,C,0.4823,C,C,"What is the primary role of the Essex-class carriers in the United States Navy | ""United States Navy"" | United States Navy primary role essex class | United States Navy wikipedia | United States Navy supercarriers | United States Navy humanitarian","{""A"": 0.8944, ""B"": 0.5513, ""C"": 1.0, ""D"": 0.9539, ""E"": 0.5168}","United States Navy | USS Essex (LHD-2) - Wikipedia | List of aircraft carriers of the United States Navy - Wikipedia | United States Navy (USN) | History, Ships, Battles... | Britannica | The top 5 largest US Navy supercarriers by active aircraft capacity",https://en.wikipedia.org/wiki/United_States_Navy | https://en.wikipedia.org/wiki/USS_Essex_(LHD-2) | https://en.wikipedia.org/wiki/List_of_aircraft_carriers_of_the_United_States_Navy | https://www.britannica.com/topic/United-States-Navy | https://www.msn.com/en-us/news/us/the-top-5-largest-us-navy-supercarriers-by-active-aircraft-capacity/ar-AA1ZtbOH
70,What does the Queensland Heritage Register recognize Branyan Road State School for?,B,0.476,B,D,"What does the Queensland Heritage Register recognize Branyan Road State School for | ""Queensland Heritage Register"" | Queensland Heritage Register recognize branyan road state | Queensland Heritage Register wikipedia | Queensland Heritage Register architectural | Queensland Heritage Register contribution","{""A"": 0.8963, ""B"": 0.9628, ""C"": 0.9409, ""D"": 1.0, ""E"": 0.8482}",Coorparoo State School added to the Queensland Heritage Register | Branyan Road State School Facts for Kids | List Queensland Schools | Queensland Heritage Register | Category:Queensland Heritage Register - Wikipedia,https://www.brisbanetimes.com.au/national/queensland/coorpooroo-state-school-added-to-the-queensland-heritage-register-20170704-gx48te.html | https://kids.kiddle.co/Branyan_Road_State_School | https://swcs.net.au/listschools.htm | https://en.wikipedia.org/wiki/Queensland_Heritage_Register | https://en.wikipedia.org/wiki/Category:Queensland_Heritage_Register
71,What types of body styles were available for the Saab 9000?,A,1.0,A,A,"What types of body styles were available for the Saab 9000 | ""Saab"" | Saab types body styles available | Saab wikipedia | Saab notchback | What types of body styles were available for the Saab 9000?","{""A"": 1.0, ""B"": 0.1882, ""C"": 0.152, ""D"": 0.2068, ""E"": 0.2068}",Saab 9000 | Retro Cars Wiki | Fandom | Saab 9000 - Wikipedia | Saab 9000 1985–1998 Specs & Variants | Cars-Data.com | 9000 | Saab-Car Wiki | Fandom | A Saab That Never Was: The Fictional 2011 Saab 9-2X Aero Sedan...,https://retrocars.fandom.com/wiki/Saab_9000 | https://en.wikipedia.org/wiki/Saab_9000 | https://www.cars-data.com/en/saab/9000 | https://saabcar.fandom.com/wiki/9000 | https://www.saabplanet.com/saab-9-2x-sedan-sti-concept/
72,Which member of the Dodge Brothers is a film critic and BBC television presenter?,B,0.7942,B,B,"Which member of the Dodge Brothers is a film critic and BBC television presenter | ""Dodge Brothers"" | Dodge Brothers member film critic bbc | Dodge Brothers wikipedia | Dodge Brothers kermode | Dodge Brothers hirji","{""A"": 0.0, ""B"": 1.0, ""C"": 0.3081, ""D"": 0.6623, ""E"": 0.7226}",The Dodge Brothers - Wikipedia | The Dodge Brothers - Topic - YouTube | Silent Film as Never Before: The Dodge Brothers at ASFF... | Mark Kermode - The Movie Database (TMDB) | The Dodge Brothers - Norwich Arts Centre,https://en.wikipedia.org/wiki/The_Dodge_Brothers | https://www.youtube.com/channel/UCId1RpaFuY-USa3eB3AY8vQ | https://www.asff.co.uk/silent-film-as-never-before-the-dodge-brothers-at-asff/ | https://www.themoviedb.org/person/204962-mark-kermode | https://norwichartscentre.co.uk/event/the-dodge-brothers/
73,"What is the population of Klokočná, a municipality in the Central Bohemian Region of the Czech Republic, according to the excerpt from Wikipedia?",E,0.9492,E,E,"What is the population of Klokočná, a municipality in the Central Bohemian Region of the Czech Republic, according to the excerpt from Wikipedia | ""Central Bohemian Region"" | Central Bohemian Region population kloko municipality czech | Central Bohemian Region wikipedia | Central Bohemian Region 300 | Central Bohemian Region 200","{""A"": 0.5011, ""B"": 0.2017, ""C"": 0.2017, ""D"": 0.2017, ""E"": 1.0}","Klokočná - Wikipedia | Štíhlice - Wikipedia | Klokočná Map - Village - Okres Praha-východ, Central Bohemia... | Central Bohemian Region | Prague - Wikipedia",https://en.wikipedia.org/wiki/Klokočná | https://en.wikipedia.org/wiki/Štíhlice | https://mapcarta.com/18492832 | https://en.wikipedia.org/wiki/Central_Bohemian_Region | https://en.wikipedia.org/wiki/Prague
74,What is the common name for Senecio vulgaris?,E,1.0,E,E,"What is the common name for Senecio vulgaris | ""Senecio"" | Senecio common name vulgaris | Senecio wikipedia | Senecio sunflower | Senecio groundsel","{""A"": 0.1295, ""B"": 0.0, ""C"": 0.0, ""D"": 0.0, ""E"": 1.0}","Senecio vulgaris | Common Groundsel, Senecio vulgaris – Wisconsin Horticulture | common groundsel (Senecio vulgaris) · iNaturalist | ww-article-cache-1.s3.amazonaws.com/en/Senecio_vulgaris | Written findings of the",https://en.wikipedia.org/wiki/Senecio_vulgaris | https://hort.extension.wisc.edu/articles/common-groundsel-senecio-vulgaris/ | https://www.inaturalist.org/taxa/53211-Senecio-vulgaris | https://ww-article-cache-1.s3.amazonaws.com/en/Senecio_vulgaris | https://www.nwcb.wa.gov/images/weeds/Senecio_vulgaris.pdf
75,With which instrument did Léonard de Hodémont gain recognition as a skillful player?,D,1.0,D,D,"With which instrument did Léonard de Hodémont gain recognition as a skillful player | ""Hodémont"" | Hodémont instrument onard de gain | Hodémont wikipedia | Hodémont harpsichord | Hodémont trumpet","{""A"": 0.0, ""B"": 0.0, ""C"": 0.0, ""D"": 1.0, ""E"": 0.0}",Research Portal - 'In organis et in discantu' Organ interpretation and... | Léonard de Hodémont - Wikipedia | Léonard de Hodémont — Wikipédia | Léonard de Hodémont - Wikipedia | Léonard de Hodémont - Wikiwand,https://research.kuleuven.be/portal/en/project/3H140050 | https://en.wikipedia.org/wiki/Léonard_de_Hodémont | https://fr.wikipedia.org/wiki/Léonard_de_Hodémont | https://nl.wikipedia.org/wiki/Léonard_de_Hodémont | https://www.wikiwand.com/en/articles/Léonard_de_Hodémont
76,How many special stages will be contested in the 2023 Rally Finland?,B,0.24,B,D,"How many special stages will be contested in the 2023 Rally Finland | ""Rally Finland"" | Rally Finland many special stages contested | Rally Finland wikipedia | Rally Finland 72 | Rally Finland 22","{""A"": 0.9231, ""B"": 0.9231, ""C"": 0.9231, ""D"": 1.0, ""E"": 1.0}","2023 Rally Finland - Wikipedia | 2019 Rally Finland | Rally Finland | Rally finland, according to reconnaissance saturday will be the... | 2025 Rally Finland - Wikipedia",https://en.wikipedia.org/wiki/2023_Rally_Finland | https://en.wikipedia.org/wiki/2019_Rally_Finland | https://en.wikipedia.org/wiki/Rally_Finland | https://press.pirelli.com/rally-finland-according-to-reconnaissance-saturday-will-be-the-decisive-day-for-the-race/ | https://en.wikipedia.org/wiki/2025_Rally_Finland
77,In what year did Ōnokuni Yasushi win his first tournament championship and become the 62nd yokozuna in sumo?,D,0.9496,D,D,"In what year did Ōnokuni Yasushi win his first tournament championship and become the 62nd yokozuna in sumo | ""Ōnokuni Yasushi"" | Ōnokuni Yasushi year win his first | Ōnokuni Yasushi wikipedia | Ōnokuni Yasushi 1987 | Ōnokuni Yasushi 1999","{""A"": 0.2901, ""B"": 0.5006, ""C"": 0.3306, ""D"": 1.0, ""E"": 0.3634}","Ōnokuni Yasushi - Wikipedia | Onokuni Yasushi | Sumowrestling Wiki | FandomŌnokuni Yasushi - theinfolist.comRikishi of Old The 62nd Yokozuna Onokuni Yasushi (1962 ~ ) Part 2Ōnokuni Yasushi was born on October 9, 1962 — biography | El ...Rikishi of Old The 62nd Yokozuna Onokuni Yasushi (1962 ~ ) Part 1 | Ōnokuni Yasushi — Wikipédia | Ōnokuni Yasushi - theinfolist.com | Ōnokuni Yasushi was born on October 9, 1962 — biography | El ...",https://en.wikipedia.org/wiki/Ōnokuni_Yasushi | https://sumowrestling.fandom.com/wiki/Onokuni_Yasushi | https://fr.wikipedia.org/wiki/Ōnokuni_Yasushi | https://www.theinfolist.com/php/ListGet.php?FindGo=Ōnokuni_Yasushi | https://eldiaquenaci.com/en/person/onokuni-yasushi/
78,What was Lady Sings the Blues (1956) autobiographical book about?,C,0.5645,C,C,"What was Lady Sings the Blues (1956) autobiographical book about | ""Lady Sings"" | Lady Sings blues 1956 autobiographical book | Lady Sings wikipedia | Lady Sings autobiography | Lady Sings experiences","{""A"": 0.4782, ""B"": 0.6047, ""C"": 1.0, ""D"": 0.8364, ""E"": 0.4405}","Lady Sings the Blues (book) - Wikipedia | Lady Sings the Blues (film) | Lady Sings the Blues - Billie Holiday - Google BooksLady Sings the Blues (book) - WikipediaLady Sings the Blues - The Official Website of Billie HolidayLady Sings The Blues: HOLIDAY BILLIE: 9780241351291: Amazon ...Lady Sings the Blues - Billie Holiday - Google BooksLady sings the blues : Holiday, Billie, 1915-1959 : Free ...Lady Sings the Blues: Billy Holiday with William Dafty ... | Lady Sings the Blues by Billie Holiday | Goodreads | ""Lady Sings the Blues"" manuscript / by Billie Holiday and William...",https://en.wikipedia.org/wiki/Lady_Sings_the_Blues_(book) | https://en.wikipedia.org/wiki/Lady_Sings_the_Blues_(film) | https://books.google.com/books/about/Lady_Sings_the_Blues.html?id=0IRaDwAAQBAJ | https://www.goodreads.com/pt/book/show/290112.Lady_Sings_the_Blues | https://findingaids.library.columbia.edu/archives/cul-in00034221111
79,"Which village is NOT part of the Răchitova commune in Hunedoara County, Transylvania, Romania?",A,0.6027,D,A,"Which village is NOT part of the Răchitova commune in Hunedoara County, Transylvania, Romania | ""Hunedoara County Transylvania Romania"" | Hunedoara County Transylvania Romania village part chitova commune | Hunedoara County Transylvania Romania wikipedia | Hunedoara County Transylvania Romania gotesdtanya | Hunedoara County Transylvania Romania nagycsula","{""A"": 1.0, ""B"": 0.7819, ""C"": 0.7204, ""D"": 0.5695, ""E"": 0.4508}","Comuna Răchitova, Hunedoara - WikipediaRăchitova, Hunedoara - WikipediaLocalities in Răchitova (Hunedoara County, Romania ...Răchitova (Hunedoara, Romania) - Population Statistics ...Răchitova Map - Hunedoara County, Romania - MapcartaBanat Village List - dvhh.orgHunedoara, Romania - Map & Guides - Apple Maps | Răchitova, Hunedoara - WikipediaLocalities in Răchitova (Hunedoara County, Romania ...Răchitova (Hunedoara, Romania) - Population Statistics ...Răchitova Map - Hunedoara County, Romania - MapcartaBanat Village List - dvhh.orgHunedoara, Romania - Map & Guides - Apple Maps | Răchitova - Wikipedia | Ciula Mare Map - Village - Răchitova, Hunedoara County, Romania | Gotești Map - Village - Răchitova, Hunedoara County, Romania","https://ro.wikipedia.org/wiki/Comuna_Răchitova,_Hunedoara | https://ro.wikipedia.org/wiki/Răchitova,_Hunedoara | https://en.wikipedia.org/wiki/Răchitova | https://mapcarta.com/13708586 | https://mapcarta.com/13699388"
80,"What is the significance of the album ""You're All Living in Cuckooland"" released by Budgie in 2006?",A,0.6362,A,A,"What is the significance of the album ""You're All Living in Cuckooland"" released by Budgie in 2006 | ""You're All Living in Cuckooland"" | You're All Living in Cuckooland significance album released budgie | You're All Living in Cuckooland wikipedia | You're All Living in Cuckooland accompanied | You're All Living in Cuckooland compilation","{""A"": 1.0, ""B"": 0.3114, ""C"": 0.7617, ""D"": 0.9483, ""E"": 0.3411}","You're All Living in Cuckooland - Wikipedia | You're All Living in Cuckooland — Wikipédia | Budgie You're All Living in Cuckooland (Vinyl) 12"" Album... | Budgie – You're All Living In Cuckooland | Releases | DiscogsBudgie – You're All Living In Cuckooland – CD (Album), 2006 ...Budgie - You're All Living in Cuckooland - Encyclopaedia ...You're All Living in Cuckooland — WikipédiaYou're All Living in Cuckooland - grokipedia.com | Budgie – You're All Living In Cuckooland – CD (Album), 2006 ...Budgie - You're All Living in Cuckooland - Encyclopaedia ...You're All Living in Cuckooland — WikipédiaYou're All Living in Cuckooland - grokipedia.com",https://en.wikipedia.org/wiki/You're_All_Living_in_Cuckooland | https://fr.wikipedia.org/wiki/You're_All_Living_in_Cuckooland | https://www.ebay.com/itm/136763395181?_ul=RU | https://www.discogs.com/master/1112393-Budgie-Youre-All-Living-In-Cuckooland | https://www.discogs.com/release/2799664-Budgie-Youre-All-Living-In-Cuckooland
81,Who designed the Courier typeface?,E,1.0,E,E,"Who designed the Courier typeface | ""Courier"" | Courier designed typeface | Courier wikipedia | Courier thompson | Courier johnson","{""A"": 0.0, ""B"": 0.0, ""C"": 0.0, ""D"": 0.0, ""E"": 1.0}","Courier (typeface) - Wikipedia | Courier (typeface) - Wikiwand | Courier New - Adobe Fonts | Explore Courier designed by Howard Kettler at Adobe Fonts. | The Courier font | 30 typeface's look, history and usage",https://en.wikipedia.org/wiki/Courier_(typeface) | https://www.wikiwand.com/en/Courier_(typeface) | https://fonts.adobe.com/fonts/courier-new | https://fonts.adobe.com/fonts/courier | https://www.prepressure.com/fonts/interesting/courier
82,"What is the main topic of the book ""The Complete Manual of Suicide"" written by Wataru Tsurumi?",B,0.6377,B,B,"What is the main topic of the book ""The Complete Manual of Suicide"" written by Wataru Tsurumi | ""The Complete Manual of Suicide"" | The Complete Manual of Suicide main topic book written | The Complete Manual of Suicide wikipedia | The Complete Manual of Suicide psychological | The Complete Manual of Suicide comprehensive","{""A"": 0.4584, ""B"": 1.0, ""C"": 0.2169, ""D"": 0.1736, ""E"": 0.7318}","The Complete Manual of Suicide - Wikipedia | The Complete Manual Of Suicide - Barnes & NobleKanzen jisatsu manyuaru = The complete manual of suicide ...Kanzen Jisatsu Manyuaru, The Complete Suicide ManualFull text of ""The Complete Suicide Manual, English Translation""The Complete Suicide Manual - Archive.orgThe Complete Manual of Suicide - WikipediaThe Complete Manual of Suicide (Wataru Tsurumi) | The Complete Manual of Suicide - Google Books | The Complete Manual of Suicide: The Practicalities of... | Goodreads | The Complete Manual of Suicide - Wikipedia, the free encyclopedia",https://en.wikipedia.org/wiki/The_Complete_Manual_of_Suicide | https://www.barnesandnoble.com/w/the-complete-manual-of-suicide-frederic-p-miller/1030236617 | https://books.google.ca/books?id=jPO0uAAACAAJ | https://www.goodreads.com/book/show/44234736-the-complete-manual-of-suicide | http://taggedwiki.zubiaga.org/new_content/28a2bf0f6f60e1220a873e4ae75ce984
83,What is the major tributary of the Thamirabarani River?,A,1.0,A,A,"What is the major tributary of the Thamirabarani River | ""Thamirabarani River"" | Thamirabarani River major tributary | Thamirabarani River wikipedia | Thamirabarani River bharathapuzha | Thamirabarani River manimuthar","{""A"": 1.0, ""B"": 0.2951, ""C"": 0.2951, ""D"": 0.2951, ""E"": 0.2951}",Manimuthar River (tributary of Thamirabarani) - Simple English... | Manimuthar River (tributary of Thamirabarani) - Wikipedia | Manimuthar River (tributary of Thamirabarani) - Wikiwand | Manimuthar River (tributary of Thamirabarani) | ww-article-cache-1.s3.amazonaws.com/en/Thamirabarani_River,https://simple.wikipedia.org/wiki/Manimuthar_River_(tributary_of_Thamirabarani) | https://en.wikipedia.org/wiki/Manimuthar_River_(tributary_of_Thamirabarani) | https://www.wikiwand.com/en/articles/Manimuthar_River_(tributary_of_Thamirabarani) | https://grokipedia.com/page/manimuthar_river_tributary_of_thamirabarani | https://ww-article-cache-1.s3.amazonaws.com/en/Thamirabarani_River
84,What position does Sékou Koïta play for the Mali national team?,B,0.7229,B,B,"What position does Sékou Koïta play for the Mali national team | ""Sékou Koïta"" | Sékou Koïta position play mali national | Sékou Koïta wikipedia | Sékou Koïta midfielder | Sékou Koïta substitute","{""A"": 0.6101, ""B"": 1.0, ""C"": 0.6101, ""D"": 0.6101, ""E"": 0.6101}","Sékou Koïta | Sékou Koïta Facts for Kids | Sékou Koïta - Wikiwand | Sékou Koïta - Wikiwand | Sékou Koïta — Gençlerbirliği | Forward Profile, Stats & News",https://en.wikipedia.org/wiki/Sékou_Koïta | https://kids.kiddle.co/Sékou_Koïta | https://www.wikiwand.com/en/Sékou_Koïta | https://www.wikiwand.com/en/articles/Sekou_Koita | https://sekou-koita.tobique-gaming-commission.com/
85,How would you describe Bothrops jararacussu?,A,0.9194,A,A,"How would you describe Bothrops jararacussu | ""Bothrops"" | Bothrops you describe jararacussu | Bothrops wikipedia | Bothrops aggressive | Bothrops harmless","{""A"": 1.0, ""B"": 0.2217, ""C"": 0.2997, ""D"": 0.2514, ""E"": 0.3294}",Bothrops jararacussu - Wikipedia | Giant Bothrops Jararacussu - a highly venomous pit viper! - YouTube | Bothrops asper | Jararacussu (Bothrops jararacussu) · iNaturalist | Bothrops - Wikipedia,https://en.wikipedia.org/wiki/Bothrops_jararacussu | https://www.youtube.com/watch?v=Uz7RwSHEYFk | https://en.wikipedia.org/wiki/Bothrops_asper | https://www.inaturalist.org/taxa/83877-Bothrops-jararacussu | https://en.wikipedia.org/wiki/Bothrops
86,What design did the Subaru Forester adopt from the third generation onwards?,D,0.4776,D,B,"What design did the Subaru Forester adopt from the third generation onwards | ""Subaru Forester"" | Subaru Forester design adopt third generation | Subaru Forester wikipedia | Subaru Forester performance | Subaru Forester crossover","{""A"": 0.6787, ""B"": 1.0, ""C"": 0.6916, ""D"": 0.9606, ""E"": 0.5295}","Subaru Forester - Wikipedia | Evolution Of The Subaru Forester: Past, Present, And FutureWhen Did The Subaru Forester Body Style Change?Subaru Forester GenerationsSubaru Forester Generations: Key Updates Across All ... - CarBuzz | When Did Subaru Forester Body Style Change? - anusedcar.com | When Did The Subaru Forester Body Style Change? | Subaru Forester Generations Throughout the Years",https://en.wikipedia.org/wiki/Subaru_Forester | https://www.topspeed.com/evolution-of-the-subaru-forester-past-present-and-future/ | https://anusedcar.com/subaru/when-did-subaru-forester-body-style-change/ | https://anusedcar.com/subaru/when-did-the-subaru-forester-body-style-change/ | https://www.subaruconcord.com/blog/2026/may/27/subaru-forester-generations-throughout-the-years.htm
87,What administrative region is Philippsbourg located in?,E,1.0,E,E,"What administrative region is Philippsbourg located in | ""Philippsbourg"" | Philippsbourg administrative region located | Philippsbourg wikipedia | Philippsbourg occitanie | Philippsbourg auvergne","{""A"": 0.0948, ""B"": 0.0, ""C"": 0.0, ""D"": 0.0, ""E"": 1.0}","Philippsbourg - Wikipedia | Philippsbourg (57): communal life, administrative procedures ... | PHILIPPSBOURG - Map of Philippsbourg 57230 France - Map of FrancePhilippsbourg ExplainedPhilippsbourg (57): communal life, administrative procedures ...Philippsbourg Map - Village - Arrondissement of Sarreguemines ...Philippsbourg - Map & Directions - Apple Maps | Philippsbourg — Wikipédia | Philippsbourg Explained",https://en.wikipedia.org/wiki/Philippsbourg | https://missionfranceguichet.fr/en/commune-philippsbourg-57 | https://www.map-france.com/Philippsbourg-57230/ | https://fr.wikipedia.org/wiki/Philippsbourg | https://everything.explained.today/\/Philippsbourg/
88,"Who is the current owner of the Davidkhanian Mansion in Qazvin, Iran?",A,0.6923,E,A,"Who is the current owner of the Davidkhanian Mansion in Qazvin, Iran | ""Davidkhanian Mansion"" | Davidkhanian Mansion current owner qazvin iran | Davidkhanian Mansion wikipedia | Davidkhanian Mansion davidkhanian | Davidkhanian Mansion organization","{""A"": 1.0, ""B"": 0.1804, ""C"": 0.0, ""D"": 0.2259, ""E"": 0.8681}",Davidkhanian Mansion - Wikipedia | Between New York and Tehran | List of Government buildings - FamousFix List | Davidkhanian Mansion — Grokipedia | A personal take on the Iran Nuclear Deal by H.D. Wright,https://en.wikipedia.org/wiki/Davidkhanian_Mansion | https://armenianweekly.com/2022/01/06/between-new-york-and-tehran/ | https://www.famousfix.com/list/government-buildings | https://grokipedia.com/page/davidkhanian_mansion | https://www.transnationalpolitics.com/post/between-new-york-and-tehran
89,What is the distribution range of the Indian tent turtle?,B,0.7899,B,B,"What is the distribution range of the Indian tent turtle | ""Indian"" | Indian distribution range tent turtle | Indian wikipedia | Indian bangladesh | Indian australia","{""A"": 0.5144, ""B"": 1.0, ""C"": 0.5144, ""D"": 0.4501, ""E"": 0.5144}","Indian tent turtle - Wikipedia | Indian Tent Turtle (Pangshura Tentoria) - All Turtles | Indian tent turtle | Indian tent turtle facts, distribution & population | BioDB | Indian Tent Turtle - Facts, Diet, Habitat & Pictures on Animalia.bio",https://en.wikipedia.org/wiki/Indian_tent_turtle | https://www.allturtles.com/indian-tent-turtle/ | https://grokipedia.com/page/indian_tent_turtle | https://biodb.com/species/indian-tent-turtle/ | https://animalia.bio/indian-tent-turtle
90,Where is the Hopetoun Monument located?,A,0.9313,A,A,"Where is the Hopetoun Monument located | ""Hopetoun Monument"" | Hopetoun Monument located | Hopetoun Monument wikipedia | Hopetoun Monument haddington | Hopetoun Monument highlands","{""A"": 1.0, ""B"": 0.3124, ""C"": 0.2942, ""D"": 0.2939, ""E"": 0.2615}","Hopetoun Monument - Wikipedia | Visiting Hopetoun Monument in East Lothian | Hopetoun Monument, Haddington - Exploring East Lothian ...Hopetoun Monument: Overview of Hopetoun MonumentHopetoun Monument (Haddington) | Scotland Off the Beaten TrackHOPETOUN MONUMENT (LB10831) | Hopetoun Monument | Hopetoun Monument Map - Tower - East Lothian, Scotland, UK",https://en.wikipedia.org/wiki/Hopetoun_Monument | https://scotlandroadtrip.com/hopetoun-monument-east-lothian/ | https://www.exploringeastlothian.co.uk/short-walks/hopetoun-monument | https://grokipedia.com/page/hopetoun_monument | https://mapcarta.com/W169026694
91,"What does the word ""鬥牛"" mean in the context of the Taiwanese drama Bull Fighting?",A,1.0,A,A,"What does the word ""鬥牛"" mean in the context of the Taiwanese drama Bull Fighting | ""鬥牛"" | 鬥牛 word mean context taiwanese | 鬥牛 wikipedia | 鬥牛 traditional | 鬥牛 represents","{""A"": 1.0, ""B"": 0.0932, ""C"": 0.0, ""D"": 0.1492, ""E"": 0.2113}","Bromance Taiwanese drama | Taiwan drama, Taiwanese, Drama... | Bull Fighting (TV series) - Wikipedia | 鬥牛 | 周杰倫 Jay Chou【鬥牛 Basketball Match】-Official Music Video鬥牛 - Wiktionary, the free dictionary華晨宇《鬥牛》Official Music Video - YouTubeBull Fighting (TV series) - WikipediaWhat is 斗牛? The meaning of 斗牛 in English斗牛 [鬥牛] - bullfighting - dòu niú | Definition | ChinesePod.co... | TwDrama: Bull Fighting (鬥牛要不要) | Asian Drama Fever",https://www.pinterest.com/pin/544443042434424959/ | https://en.wikipedia.org/wiki/Bull_Fighting_(TV_series) | https://en.wikipedia.org/wiki/鬥牛 | https://www.youtube.com/watch?v=npiAxeLtHDM | https://asiandrama.wordpress.com/2007/12/24/drama-bull-fighting/
92,"What is the significance of Dashni Morad's television show ""Bê Kontrol""?",C,0.8362,C,C,"What is the significance of Dashni Morad's television show ""Bê Kontrol"" | ""Bê Kontrol"" | Bê Kontrol significance dashni morad television | Bê Kontrol wikipedia | Bê Kontrol environmental | Bê Kontrol contemporary","{""A"": 0.3146, ""B"": 0.242, ""C"": 1.0, ""D"": 0.2662, ""E"": 0.4483}",List of Kurdish human rights activists - FamousFix List | Dashni Morad - Wikipedia | Kovara zanistî ya mûzêy-înstîtûta qirkirina Ermenîya di nav databasa... | Dashni Morad - VinTV Official Website | Deşnê Murad - Wîkîpediya,https://www.famousfix.com/list/kurdish-human-rights-activists | https://en.wikipedia.org/wiki/Dashni_Morad | https://ku.armradio.am/2025/06/10/kovara-zanisti-ya-muzey-instituta-qirkirina-ermeniya-di-nav-databasa-agahdariya-zanisti-ya-navneteweyi-scopus-de-cih-girtiye/ | https://vintv.net/artists/dashni-morad/ | https://ku.wikipedia.org/wiki/Deşnê_Murad
93,What type of armor was the armet considered to be in the 15th century?,B,0.5809,B,B,What type of armor was the armet considered to be in the 15th century | What type of armor was the armet considered to be in the 15th century interlinked | What type of armor was the armet considered to be in the 15th century constructed | What type of armor was the armet considered to be in the 15th century?,"{""A"": 0.3366, ""B"": 1.0, ""C"": 0.813, ""D"": 0.4114, ""E"": 0.5096}","Armet - Wikipedia | Armet | Military Wiki | FandomArmet — GrokipediaMedieval Weapons and Armour: Helmet. Types of Helmets, Facts ...Armet | Unknown | V&A Explore The CollectionsArmet - possibly British or Flemish - The Metropolitan Museum ... | History of Arms and Armor | Head Armor - AmtWiki - Amtgard | Armor 15-16 century. Mobility and simple movements | Forum",https://en.wikipedia.org/wiki/Armet | https://military-history.fandom.com/wiki/Armet | https://www.knightsedge.com/s-5-history-of-arms-and-armor.aspx | https://wiki.amtgard.com/Head_Armor | https://forum.kingdomcomerpg.com/t/armor-15-16-century-mobility-and-simple-movements-and-much-more/28848/39
94,How many individual reefs are there in the Great Barrier Reef System?,D,0.8342,D,D,"How many individual reefs are there in the Great Barrier Reef System | ""Great Barrier Reef System"" | Great Barrier Reef System many individual reefs there | Great Barrier Reef System wikipedia | Great Barrier Reef System 000 | Great Barrier Reef System 344","{""A"": 0.0511, ""B"": 0.1711, ""C"": 0.419, ""D"": 1.0, ""E"": 0.6654}","Great Barrier Reef - Wikipedia | Great Barrier Reef | Map, Animals, Bleaching, & Facts ...Great Barrier Reef - UNESCO World Heritage CentreGreat Barrier Reef - WorldAtlasFacts - Great Barrier Reef FoundationDive in: exploring the Great Barrier Reef ecosystem | Great Barrier Reef - WorldAtlas | Great Barrier Reef Marine Park | (Official GANP Page) | Great Barrier Reef - Education",https://en.wikipedia.org/wiki/Great_Barrier_Reef | https://www.britannica.com/place/Great-Barrier-Reef | https://www.worldatlas.com/heritage-sites/great-barrier-reef.html | https://national-parks.org/australia/great-barrier-reef/ | https://education.nationalgeographic.org/resource/great-barrier-reef/
95,"What is notable about Thy Serpent's album ""Death""?",A,0.6281,A,A,"What is notable about Thy Serpent's album ""Death"" | ""Death"" | Death notable thy serpent album | Death wikipedia | Death experimental | Death officially","{""A"": 1.0, ""B"": 0.6595, ""C"": 0.7455, ""D"": 0.5851, ""E"": 0.6614}","Death : Thy Serpent - Album's lyrics | Infernal Wings Of Damnation | Thy Serpent's Cult | Thy Serpent - Sleep in Oblivion (Guitar Cover) - YouTube | Death by Wikipedia | ""Death panel""","https://www.spirit-of-metal.com/parole-groupe-Thy_Serpent-nom_album-Death-l-en.html | https://thy-serpents-cultbt.bandcamp.com/ | https://www.youtube.com/watch?v=ReeMJXdXfjE | https://en.wikipedia.org/wiki/Death_by_Wikipedia | https://en.wikipedia.org/wiki/""Death_panel"""
96,What distinguishes the Altiplano chinchilla mouse or achallo from other rodent species in its family?,E,0.8442,E,E,"What distinguishes the Altiplano chinchilla mouse or achallo from other rodent species in its family | ""Altiplano"" | Altiplano distinguishes chinchilla mouse achallo | Altiplano wikipedia | Altiplano distinguishable | Altiplano differentiating","{""A"": 0.4369, ""B"": 0.3823, ""C"": 0.3398, ""D"": 0.4369, ""E"": 1.0}","Altiplano chinchilla mouse - Wikipedia | Altiplano chinchilla mouse - Wikipedia | Altiplano chinchilla mouse - Facts, Diet, Habitat & Pictures ... | Wiki: Altiplano chinchilla mouse - upcScavenger | Altiplano Chincilla Mouse | NatureRules1 Wiki | Fandom",https://en.wikipedia.org/wiki/Altiplano_chinchilla_mouse | https://en.wikipedia.org/wiki/Altiplano_Chinchilla_Mouse | https://animalia.bio/altiplano-chinchilla-mouse | http://www.upcscavenger.com/wiki/altiplano_chinchilla_mouse/ | https://naturerules1.fandom.com/wiki/Altiplano_Chincilla_Mouse
97,What is Philoliche?,A,1.0,A,A,"What is Philoliche | ""Philoliche"" | Philoliche wikipedia | Philoliche philolichini | Philoliche rainforests | What is Philoliche?","{""A"": 1.0, ""B"": 0.0388, ""C"": 0.0664, ""D"": 0.0675, ""E"": 0.0243}","Philoliche - Wikipedia | Philoliche longirostris - Wikipedia | Philoliche - Wikiwand | Genus Philoliche · iNaturalist | Philoliche aethiopica Thunberg, 1789",https://en.wikipedia.org/wiki/Philoliche | https://en.wikipedia.org/wiki/Philoliche_longirostris | https://www.wikiwand.com/en/articles/Philoliche | https://www.inaturalist.org/taxa/371434-Philoliche | https://tabanidae.myspecies.info/taxonomy/term/2581/descriptions
98,What college basketball teams did John Deng Geu play for in the past?,C,1.0,C,C,"What college basketball teams did John Deng Geu play for in the past | ""John Deng Geu"" | John Deng Geu college basketball teams play | John Deng Geu wikipedia | John Deng Geu wolverines | John Deng Geu syracuse","{""A"": 0.0, ""B"": 0.0, ""C"": 1.0, ""D"": 0.0, ""E"": 0.0}",Deng Geu - Wikiwand articles | Deng Geu - Ugandan professional basketball player... - xwhos.com | Deng Geu Cards | Trading Card Database | John Deng Geu - IMDb | Deng Geu - Wikipedia,https://www.wikiwand.com/en/articles/Deng_Geu | https://www.xwhos.com/person/deng_geu-whois.html | https://www.tcdb.com/Person.cfm/pid/377654/Deng-Geu | https://www.imdb.com/name/nm12895082/ | https://en.wikipedia.org/wiki/Deng_Geu
99,Which of the following statements is true about the architectural styles represented in Rensselaer Courthouse Square Historic District?,D,0.8826,C,D,"Which of the following statements is true about the architectural styles represented in Rensselaer Courthouse Square Historic District | ""Rensselaer Courthouse Square Historic District"" | Rensselaer Courthouse Square Historic District following statements true architectural | Rensselaer Courthouse Square Historic District wikipedia | Rensselaer Courthouse Square Historic District contributing | Rensselaer Courthouse Square Historic District developed","{""A"": 0.1582, ""B"": 0.1728, ""C"": 0.1991, ""D"": 1.0, ""E"": 0.5963}","Rensselaer Courthouse Square Historic District - Wikipedia | Rensselaer Courthouse Square Historic District - Alchetron, the free... | Rensselaer, Indiana - Wikipedia | Indianapolis to Rensselaer - 3 ways to travel via train, bus, and car | Rensselaer Courthouse Square Historic District — Wikipedia ...","https://en.wikipedia.org/wiki/Rensselaer_Courthouse_Square_Historic_District | https://Alchetron.com/Rensselaer-Courthouse-Square-Historic-District | https://en.wikipedia.org/wiki/Rensselaer,_Indiana | https://www.rome2rio.com/s/Indianapolis/Rensselaer-IN-USA | https://wiki2.org/en/Rensselaer_Courthouse_Square_Historic_District"
100,What is Abraham Paul Wendkos known for in the entertainment industry?,B,0.8341,B,B,"What is Abraham Paul Wendkos known for in the entertainment industry | ""Abraham Paul Wendkos"" | Abraham Paul Wendkos known entertainment industry | Abraham Paul Wendkos wikipedia | Abraham Paul Wendkos groundbreaking | Abraham Paul Wendkos contributions","{""A"": 0.2169, ""B"": 1.0, ""C"": 0.2187, ""D"": 0.4513, ""E"": 0.4513}","Paul Wendkos - Wikipedia | Abraham Paul Wendkos was an American television and film director. | Paul Wendkos: American film director (1925 - 2009) | Biography... | Paul Wendkos - TheTVDB.com | Paul Wendkos | Biography, Movie Highlights and Photos | AllMovie",https://en.wikipedia.org/wiki/Paul_Wendkos | https://www.wikiwand.com/en/Paul_Wendkos | https://peoplepill.com/people/paul-wendkos | https://www.thetvdb.com/people/259743-paul-wendkos | https://www.allmovie.com/artist/paul-wendkos-an6551
